Book Id,Title,Author,Author l-f,Additional Authors,ISBN,ISBN13,My Rating,Publisher,Binding,Number of Pages,Year Published,Original Publication Year,Date Read,Date Added,Bookshelves,Bookshelves with positions,Exclusive Shelf,My Review,Spoiler,Private Notes,Read Count,Owned Copies
2314753,The New Age Music Guide: Profiles and Recordings of 500 Top New Age Musicians,Patti Jean Birosik,"Birosik, Patti Jean",,"=""0020416407""","=""9780020416401""",0,Collier Books,Paperback,288,1989,1989,,2026/08/07,to-read,to-read (#441),to-read,,,,0,0
18931379,Getting Away from Already Being Pretty Much Away from It All: An Essay,David Foster Wallace,"Wallace, David Foster",,"=""""","=""""",0,"Little, Brown and Company",Kindle Edition,368,2012,,,2026/08/05,to-read,to-read (#440),to-read,,,,0,0
60324034,How to Say No: An Ancient Guide to the Art of Cynicism (Ancient Wisdom for Modern Readers),Diogenes of Sinope,"Sinope, Diogenes of",M.D. Usher,"=""0691229856""","=""9780691229850""",3.0,Princeton University Press,Hardcover,248,2022,2022,2026/08/05,2026/07/31,,,read,Diogenes was antiquity’s greatest curmudgeonly philosopher-cum-performance artist-cum-dog. This book is a decent Cynicism starter pack.,,,1,0
81779,The Symposium,Plato,"Plato, Plato",Christopher Gill,"=""0140449272""","=""9780140449273""",0,Penguin Books,Paperback,90,2003,-380,,2026/08/04,to-read,to-read (#439),to-read,,,,0,0
219906442,Squat,John Safran,"Safran, John",,"=""1760890170""","=""9781760890179""",4.0,Penguin Books Australia,Paperback,320,2024,,2026/08/04,2025/07/22,,,read,The nail-biting tale of a Jewish hunchback squatting in an eccentric artist’s secluded blue mansion eating Egg McMuffins and drinking stolen sake.,,,1,0
17014039,Assimilate: A Critical History of Industrial Music,S. Alexander Reed,"Reed, S. Alexander",,"=""0199832587""","=""9780199832583""",0,Oxford University Press,Hardcover,376,2013,2013,,2026/08/02,to-read,to-read (#438),to-read,,,,0,0
58396170,Puff Piece,John Safran,"Safran, John",,"=""1760890154""","=""9781760890155""",0,Penguin Books Australia,Paperback,384,2021,,,2026/08/02,to-read,to-read (#437),to-read,,,,0,0
214387885,Monument Eternal,Alice Coltrane,"Coltrane, Alice",,"=""1636142257""","=""9781636142258""",3.0,Akashic Books,Hardcover,72,2025,,2026/07/28,2026/07/28,,,read,"A compelling and bizarre little book on divine visions, demonic entities, astral projection, consciousness, and magical musical instruments from a jazz legend.",,,1,0
30145933,An Age Without Samples: Originality and Creativity in the Digital World,Ikutaro Kakehashi,"Kakehashi, Ikutaro",,"=""1495069273""","=""9781495069277""",0,Hal Leonard,Hardcover,312,2017,,,2026/07/28,to-read,to-read (#436),to-read,,,,0,0
56897474,The Dictionary of Obscure Sorrows,John Koenig,"Koenig, John",,"=""1501153641""","=""9781501153648""",4.0,Simon & Schuster,Hardcover,272,2021,2018,2026/07/25,2026/07/22,,,read,"aftergloom, chthosis, dès vu, ellipsism, gnossienne, klexos, ledsome, mornden, suente, thrapt, thwit, vellichor, wytai, yu yi, and zenosyne.",,,1,0
271672,Coming Through Slaughter,Michael Ondaatje,"Ondaatje, Michael",,"=""0676971768""","=""9780676971767""",0,Vintage Canada,Paperback,176,1998,1976,,2026/07/23,to-read,to-read (#435),to-read,,,,0,0
7125057,"Got the Life: My Journey of Addiction, Faith, Recovery, and Korn",Fieldy,"Fieldy, Fieldy",,"=""006166250X""","=""9780061662508""",3.0,Dey Street Books,Paperback,304,2010,2009,2026/07/09,2023/03/26,,,read,"Fieldy’s memoir is a fairly typical rock star affair, except he confesses to slapping bandmates and girlfriends just as much as bass guitars. Glad he’s sober now.",,,1,0
25417399,Angel Claws,Alejandro Jodorowsky,"Jodorowsky, Alejandro","Mœbius, Jean Giraud, Thierry Nantier","=""159465428X""","=""9781594654282""",2.0,Humanoids,Kindle Edition,72,2014,1994,2026/06/20,2026/06/20,,,read,"Salo, Or The 120 Days Of Santa Sangre. Wildly NSFW.",,,1,0
56153,QED: The Strange Theory of Light and Matter,Richard P. Feynman,"Feynman, Richard P.",A. Zee,"=""0691125759""","=""9780691125756""",0,Princeton University Press,Paperback,192,2006,1985,,2026/06/04,to-read,to-read (#434),to-read,,,,1,0
22090572,The Urban Revolution,Henri Lefebvre,"Lefebvre, Henri",,"=""1452943583""","=""9781452943589""",0,Univ Of Minnesota Press,Kindle Edition,222,2003,1970,,2026/07/04,to-read,to-read (#433),to-read,,,,0,0
199960704,Every Man for Himself and God Against All,Werner Herzog,"Herzog, Werner",Michael Hofmann,"=""1847927246""","=""9781847927248""",0,Bodley Head,Hardcover,355,2023,2022,,2026/04/30,did-not-finish,did-not-finish (#25),did-not-finish,,,,1,0
252769,"Writings on Music, 1965-2000",Steve Reich,"Reich, Steve",Paul Hillier,"=""0195151151""","=""9780195151152""",0,Oxford University Press,Paperback,272,2004,2002,,2026/06/30,to-read,to-read (#432),to-read,,,,0,0
19220144,The Myth of Sisyphus,Albert Camus,"Camus, Albert",Justin O'Brien,"=""0141914173""","=""9780141914176""",3.0,Penguin,Kindle Edition,212,2013,1942,2026/06/29,2024/01/03,,,read,Maybe the real treasure was the boulders we pushed along the way.,,,1,0
1261061,Vault of the Vampire (Fighting Fantasy #38),Keith Martin,"Martin, Keith",Martin McKenna,"=""0140328777""","=""9780140328776""",0,Puffin,Paperback,240,1989,1989,,2026/06/29,to-read,to-read (#431),to-read,,,,0,0
15789739,"Crypt of the Sorcerer (Fighting Fantasy, #26)",Ian Livingstone,"Livingstone, Ian","John Sibbick, Les Edwards","=""0140321551""","=""9780140321555""",0,Puffin Books,Paperback,224,1987,1987,,2026/06/29,to-read,to-read (#430),to-read,,,,0,0
1261049,House of Hell (Fighting Fantasy #10),Steve   Jackson,"Jackson, Steve","Ian Livingstone, Ian Miller, Tim Sell","=""0140318313""","=""9780140318319""",0,Puffin,Mass Market Paperback,224,1984,1982,,2026/06/29,to-read,to-read (#429),to-read,,,,0,0
4130069,Shock value,John   Waters,"Waters, John",,"=""044057871X""","=""9780440578710""",4.0,Delacorte ,Paperback,243,1991,1981,2026/06/25,2020/11/07,,,read,"“No other filmmaker presents humans so disgustingly. His characters aren’t just hideous, they affront the soul. They exude the aroma of outside toilets.”",,,1,0
292492,Silence: Lectures and Writings,John Cage,"Cage, John",,"=""0714510432""","=""9780714510439""",0,Marion Boyars,Paperback,276,1994,1961,,2022/05/01,to-read,to-read (#78),to-read,,,,0,0
17573082,"The Question Concerning Technology, and Other Essays",Martin Heidegger,"Heidegger, Martin",,"=""0062290703""","=""9780062290700""",0,Harper Perennial Modern Classics,Paperback,224,2013,1938,,2026/06/22,to-read,to-read (#428),to-read,,,,0,0
231230362,Picnic at Hanging Rock,Joan Lindsay,"Lindsay, Joan",Maile Meloy,"=""1101666137""","=""9781101666135""",0,Penguin Publishing Group,Kindle Edition,198,2014,1967,,2026/05/29,to-read,to-read (#414),to-read,,,,0,0
781419,The Marriage of Heaven and Hell,William Blake,"Blake, William",Geoffrey L. Keynes,"=""0192811673""","=""9780192811677""",0,Oxford University Press,Paperback,84,1975,1790,,2021/06/01,to-read,to-read (#46),to-read,,,,0,0
218063519,TISM's Machiavelli and the Four Seasons (33 1/3 Oceania),Tyler Jenke,"Jenke, Tyler","Jon Stratton, Jon Dale","=""""","=""9798765114094""",0,Bloomsbury Academic,Paperback,168,2025,,,2025/10/04,"to-read, 33-1-3","to-read (#368), 33-1-3 (#37)",to-read,,,,0,0
19697365,Doolittle,Ben Sisario,"Sisario, Ben",,"=""""","=""""",0,Continuum,Kindle Edition,129,2006,2006,,2025/07/15,"to-read, 33-1-3","to-read (#351), 33-1-3 (#25)",to-read,,,,0,0
34511855,Mumbo Jumbo,Ishmael Reed,"Reed, Ishmael",,"=""0241305810""","=""9780241305812""",0,Penguin Classics,Paperback,224,2017,1972,,2026/06/21,to-read,to-read (#427),to-read,,,,0,0
2895327,When I Was Five I Killed Myself,Howard Butten,"Butten, Howard",,"=""1876485698""","=""9781876485696""",0,Text Publishing,Paperback,232,2001,1981,,2026/06/20,to-read,to-read (#426),to-read,,,,0,0
40543853,Ocean of Sound: Ambient Sound and Radical Listening in the Age of Communication,David Toop,"Toop, David",Michel Faber,"=""1788160304""","=""9781788160308""",0,Serpent's Tail,Paperback,304,2018,1995,,2026/06/16,to-read,to-read (#425),to-read,,,,0,0
34684583,The Peregrine,J.A. Baker,"Baker, J.A.",Robert Macfarlane,"=""0008216215""","=""9780008216214""",0,William Collins,Paperback,256,2017,1967,,2026/06/16,to-read,to-read (#424),to-read,,,,0,0
72565845,Vangelis: The Unknown Man,Mark J.T. Griffin,"Griffin, Mark J.T.",,"=""1471045390""","=""9781471045394""",0,Lulu.com,Paperback,176,2022,2009,,2026/06/16,to-read,to-read (#423),to-read,,,,0,0
654956,Tête bêche,Liu Yichang,"Yichang, Liu",Pascale Wei-Guinot,"=""2877306518""","=""9782877306515""",3.0,Picquier,Paperback,194,2003,1972,2026/06/15,2026/06/12,,,read,I can see how the themes intersect with ITMFL but it differs a lot. “Yumeji's Theme” played in my head the entire time reading it.,,,1,0
2760859,Experimental Music: Cage and Beyond,Michael Nyman,"Nyman, Michael",,"=""0028712005""","=""9780028712000""",0,Schirmer Books,Hardcover,154,1974,1974,,2026/06/08,to-read,to-read (#422),to-read,,,,0,0
34623128,The Autobiography of Gucci Mane,Gucci Mane,"Mane, Gucci",Neil Martinez-Belkin,"=""1501165321""","=""9781501165320""",0,Simon Schuster,Hardcover,304,2017,2017,,2026/06/08,to-read,to-read (#421),to-read,,,,0,0
204250,An Autobiography,Igor Stravinsky,"Stravinsky, Igor",,"=""0393318567""","=""9780393318562""",0,W. W. Norton & Company,Paperback,188,1998,1935,,2026/06/08,to-read,to-read (#420),to-read,,,,0,0
191241,Beneath the Underdog,Charles Mingus,"Mingus, Charles",,"=""0679737618""","=""9780679737612""",0,Vintage,Paperback,384,1991,1971,,2026/06/08,to-read,to-read (#419),to-read,,,,0,0
6477815,Bicycle Diaries,David   Byrne,"Byrne, David",,"=""0670021148""","=""9780670021147""",0,Viking,Hardcover,297,2009,2008,,2026/06/08,to-read,to-read (#418),to-read,,,,0,0
20225602,The Consolation of Philosophy,Boethius,"Boethius, Boethius",Victor  Watts,"=""""","=""""",4.0,Penguin,Kindle Edition,193,2003,524,2026/06/06,2026/02/18,favourite-antiquity-philosophy,favourite-antiquity-philosophy (#9),read,"“I know the many disguises of that monster, Fortune, and the extent to which she seduces with friendship the very people she is striving to cheat.”",,,1,0
57938994,Conversations,Steve Reich,"Reich, Steve",,"=""1335425721""","=""9781335425720""",0,Hanover Square Press,Hardcover,352,2022,2022,,2026/06/05,to-read,to-read (#417),to-read,,,,0,0
30423015,Absolutely on Music: Conversations with Seiji Ozawa,Haruki Murakami,"Murakami, Haruki",,"=""0804173729""","=""9780804173728""",0,Vintage,Paperback,293,2017,2011,,2026/06/04,to-read,to-read (#416),to-read,,,,0,0
18128234,The Fifth Beatle: The Brian Epstein Story,Vivek J. Tiwary,"Tiwary, Vivek J.","Andrew C. Robinson, Kyle Baker, Philip R. Simon","=""1616552565""","=""9781616552565""",4.0,M Press,Hardcover,144,2013,2012,2026/06/01,2026/05/28,favourite-graphic-novels,favourite-graphic-novels (#10),read,This biographical comic blends the Epstein era of The Beatles with a dash of mid-century Mad Men charm. Incredible illustrations.,,,1,0
3132188,Froth on the Daydream,Boris Vian,"Vian, Boris",Stanley Chapman,"=""0140030751""","=""9780140030754""",0,Penguin Books,Paperback,188,1970,1947,,2026/05/31,to-read,to-read (#415),to-read,,,,0,0
7189212,Uncle Willie's Highly Opinionated Guide to The Residents 1972-1992,The Residents,"Residents, The",,"=""""","=""""",3.0,Cryptic Corporation,Paperback,220,1993,1993,2026/05/31,2026/02/09,,,read,“New Residents are already in the works to take over for the aging originals. Don't be surprised to see celebrations of the 100th anniversary some day.”,,,1,0
32710592,A Supposedly Fun Thing I'll Never Do Again: An Essay (Digital Original),David Foster Wallace,"Wallace, David Foster",,"=""""","=""""",5.0,"Little, Brown and Company",ebook,112,2012,1997,2026/05/26,2026/05/25,favourite-nonfiction,favourite-nonfiction (#10),read,DFW’s review of a nauseating 7-day luxury cruise is the greatest existential travel essay of all time.,,,1,0
808950,The Residents: Freak Show,Brian Bolland,"Bolland, Brian","Dave McKean, Kyle Baker, Charles Burns, John Bolton, Matt Howarth, Savage Pencil, Pore No Graphics, Richard Sala","=""1878574329""","=""9781878574329""",3.0,Dark Horse Books,Paperback,117,1992,1992,2026/05/30,2026/05/30,,,read,Good indie comic anthology from the Freak Show era of The Residents. ‘Harry the Head’ had the best art and story but ‘Lillie’ was the creepiest.,,,1,0
21797978,"The Life of Pope John Paul II (comic) (Vol. # 1, No. 1 Issue)",Steven Grant,"Grant, Steven",,"=""""","=""""",0,Marvel Comics,Comic,64,,,2007/02/01,2026/05/30,,,read,,,,1,0
203931592,Type O Negative: Bloody Kisses 30,Alan Robert,"Robert, Alan",Various,"=""""","=""9798886560640""",0,Z2,Hardcover,120,2025,,,2026/05/28,to-read,to-read (#413),to-read,,,,0,0
240896289,Pantera: Vulgar Display of Power,Steve Niles,"Niles, Steve","Burton C Bell, Tony Lee, Erik Rodriguez, Steve Chanks","=""""","=""9798886560169""",0,Z2,Hardcover,120,2025,,,2026/05/28,to-read,to-read (#412),to-read,,,,0,0
55530876,Blue in Green,Ram V,"V, Ram","Anand R.K., John Pearson, Aditya Bidikar, Tom Muller, Ryan Brewer","=""153431900X""","=""9781534319004""",0,Image,Kindle Edition,144,2020,2020,,2026/05/28,to-read,to-read (#411),to-read,,,,0,0
215665983,Kollaps,Melle Jan Kromhout,"Kromhout, Melle Jan",Jan Nieuwenhuis,"=""1501387510""","=""9781501387517""",3.0,Bloomsbury Academic,Kindle Edition,128,2024,2024,2026/05/24,2025/10/04,33-1-3,33-1-3 (#35),read,“Every song on the album is a mutation of their music and extends their capabilities. Kollaps is the musical manifestation of their desire to break free.”,,,1,0
61343,"Heroes of Blues, Jazz, and Country",Robert Crumb,"Crumb, Robert",Terry Zwigoff,"=""0810930862""","=""9780810930865""",1.0,"Harry N. Abrams, Inc.",Hardcover,240,2006,2006,2026/05/21,2026/03/18,,,read,"A low-effort, uninteresting graphic novel from one of the pioneers of smutty alt comix.",,,1,0
222377481,Plunderphonics (Genre: A 33 1/3 Series),Matthew Blackwell,"Blackwell, Matthew",,"=""""","=""9798765119488""",0,Bloomsbury Academic,Paperback,184,2025,,,2026/05/21,"to-read, 33-1-3","to-read (#410), 33-1-3 (#40)",to-read,,,,0,0
222377572,20th Century Ambient (Genre: A 33 1/3 Series),Dusty Henry,"Henry, Dusty",,"=""""","=""9798765119334""",0,Bloomsbury Academic,Paperback,200,2025,,,2026/05/21,"to-read, 33-1-3","to-read (#409), 33-1-3 (#39)",to-read,,,,0,0
853509,Storm of Steel,Ernst Jünger,"Jünger, Ernst",Michael Hofmann,"=""0142437905""","=""9780142437902""",0,Penguin Classics,Paperback,289,2004,1920,,2023/02/11,to-read,to-read (#163),to-read,,,,0,0
218119326,Aphex Twin - A Disco Pogo Tribute,Disco Pogo,"Pogo, Disco",,"=""""","=""""",0,Disco Pogo Ltd.,Hardcover,250,2024,,,2026/05/15,to-read,to-read (#408),to-read,,,,0,0
40673067,In Praise of Idleness: A Timeless Essay,Bertrand Russell,"Russell, Bertrand",Bradley Trevor Grieve,"=""1760640735""","=""9781760640736""",4.0,Black inc.,Hardcover,192,2018,1935,2022/08/24,2022/08/22,,,read,"“Leisure is essential to civilization, and in former times leisure for the few was only rendered possible by the labours of the many.”",,,1,0
14287,Almost Transparent Blue,Ryū Murakami,"Murakami, Ryū",Nancy Andrew,"=""4770029047""","=""9784770029041""",4.0,Kodansha USA,Paperback,126,2003,1976,2024/01/01,2023/06/24,,,read,"If the characters had English names, you’d swear this was a lost Bukowski novel. It’s nicely transgressive.",,,1,0
38319124,Secrets of My Kingdom: Return to dimensions unknown,Mortiis,"Mortiis, Mortiis","Mark Riddick, Tania, Juha Vuorma, Kerry Bartlet, Conscicide, Dayal Patterson, David Thiérrée","=""""","=""""",3.0,Cult Never Dies,Hardcover,202,2018,2018,2026/05/11,2026/04/22,,,read,"An illustrated guide to the fantasy lore of dungeon synth master Mortiis, no trollin’.",,,1,0
6589753,"The Hellbound Heart (Hellraiser, #1)",Clive Barker,"Barker, Clive",,"=""0061760870""","=""9780061760877""",5.0,HarperCollins e-books,Kindle Edition,176,2009,1986,2023/07/11,2023/07/07,favourite-novels,favourite-novels (#14),read,No tears please. Reading the original Hellraiser novel is a perfect use of good suffering.,,,1,0
25708,Saint Thomas Aquinas,G.K. Chesterton,"Chesterton, G.K.",Anton C. Pegis,"=""0385090021""","=""9780385090025""",0,Image,Paperback,167,1974,1923,,2023/08/26,did-not-finish,did-not-finish (#24),did-not-finish,,,,0,0
38581969,The Art of Taxidermy,Sharon Kernot,"Kernot, Sharon",,"=""1925603741""","=""9781925603743""",4.0,Text Publishing,Paperback,240,2019,2019,2026/04/29,2026/04/22,favourite-poetry,favourite-poetry (#8),read,A moving verse novel about a young Australian girl discovering the transformative magic of taxidermy as a way to cope with grief.,,,1,0
73233922,Devo's Freedom of Choice (33 1/3),Evie Nagy,"Nagy, Evie",,"=""1623566517""","=""9781623566517""",0,Bloomsbury Academic,Kindle Edition,184,2015,2015,,2026/05/03,"to-read, 33-1-3","to-read (#407), 33-1-3 (#38)",to-read,,,,0,0
19713291,David Bowie's Low,Hugo Wilcken,"Wilcken, Hugo",,"=""""","=""""",0,Bloomsbury Academic,Paperback,144,2005,2005,,2025/07/15,"to-read, 33-1-3","to-read (#352), 33-1-3 (#26)",to-read,,,,0,0
6076145,Simply Complexity: A Clear Guide to Complexity Theory,Neil Johnson,"Johnson, Neil",,"=""1851686304""","=""9781851686308""",0,Oneworld Publications,Paperback,256,2009,2007,,2021/07/07,did-not-finish,did-not-finish (#23),did-not-finish,,,,0,0
55643282,"Drunk: How We Sipped, Danced, and Stumbled Our Way to Civilization",Edward Slingerland,"Slingerland, Edward",,"=""0316453382""","=""9780316453387""",0,"Little, Brown Spark",Hardcover,369,2021,2021,,2024/05/01,did-not-finish,did-not-finish (#22),did-not-finish,,,,0,0
22552026,Long Way Down,Jason Reynolds,"Reynolds, Jason",,"=""1481438255""","=""9781481438254""",0,Atheneum/Caitlyn Dlouhy Books,Hardcover,306,2017,2017,,2026/04/27,to-read,to-read (#406),to-read,,,,0,0
144522,Meditations and Other Metaphysical Writings,René Descartes,"Descartes, René",Desmond M. Clarke,"=""0140447016""","=""9780140447019""",0,Penguin Classics,Paperback,256,1999,1641,,2026/04/27,to-read,to-read (#405),to-read,,,,0,0
8089902,Booky Wook 2: This Time it's Personal,Russell Brand,"Brand, Russell",,"=""0007328354""","=""9780007328352""",0,HarperCollins Publishers,Paperback,311,,2010,,2026/04/25,did-not-finish,did-not-finish (#21),did-not-finish,,,,0,0
241226926,Hunger: A Novel,Choi Jin-young,"Jin-young, Choi",,"=""""","=""9798889661849""",2.0,Europa Editions,Paperback,208,2026,2015,2025/10/15,2025/09/29,,,read,"The actual cannibalism was barely a footnote in this doomed romance, but the prose was nice.",,,1,0
59705725,Ito Junji's Cat Diary,Junji Ito,"Ito, Junji",,"=""""","=""""",4.0,,Kindle Edition,120,2021,2009,2026/02/27,2026/02/27,,,read,A goofy departure from his usual manga stories but you can tell he loves those cats.,,,1,0
1110457,Whatever You Think Think The Opposite,Paul Arden,"Arden, Paul",,"=""0141025719""","=""9780141025711""",0,Penguin UK,Paperback,143,2006,2006,,2026/04/23,to-read,to-read (#404),to-read,,,,0,0
231148075,The Art of Spending Money: Simple Choices for a Richer Life,Morgan Housel,"Housel, Morgan",,"=""0593716620""","=""9780593716625""",4.0,Portfolio,Hardcover,233,2025,2025,2026/04/24,2025/12/13,,,read,"Frugal and frivolous spending habits can both control you, so decouple money from your identity and spend for utility, freedom, and joy over status.",,,1,0
37792559,Lady Death: The Memoirs of Stalin's Sniper (Greenhill Sniper Library),Lyudmila Pavlichenko,"Pavlichenko, Lyudmila",Martin Pegler,"=""1784382701""","=""9781784382704""",0,Greenhill Books,Hardcover,272,2018,2015,,2023/03/06,did-not-finish,did-not-finish (#20),did-not-finish,,,,0,0
34740398,The Punk Rock of Business: Applying a Punk Rock Attitude in the Modern Business Era,Jeremy Dale,"Dale, Jeremy",,"=""1626344531""","=""9781626344532""",0,Greenleaf Book Group Press,Hardcover,392,2018,,,2021/01/24,did-not-finish,did-not-finish (#19),did-not-finish,,,,0,0
26778184,Bearing False Witness: Debunking Centuries of Anti-Catholic History,Rodney Stark,"Stark, Rodney",,"=""1599474999""","=""9781599474991""",0,Templeton Press,Hardcover,280,2016,2016,,2022/09/09,did-not-finish,did-not-finish (#18),did-not-finish,,,,0,0
123276708,Number Go Up: Inside Crypto's Wild Rise and Staggering Fall,Zeke Faux,"Faux, Zeke",,"=""0593443810""","=""9780593443811""",0,Crown Currency,Hardcover,304,2023,2023,,2023/09/15,did-not-finish,did-not-finish (#17),did-not-finish,,,,0,0
7826125,"Semi-Detached Empire: Suburbia and the Colonization of Britain, 1880 to the Present",Todd Kuchta,"Kuchta, Todd",,"=""0813929261""","=""9780813929262""",0,University of Virginia Press,Paperback,272,2010,2010,,2023/12/25,did-not-finish,did-not-finish (#16),did-not-finish,,,,0,0
42369980,"Surprisingly Down to Earth, and Very Funny: My Autobiography",Limmy,"Limmy, Limmy",,"=""0008294682""","=""9780008294687""",0,Mudlark,Kindle Edition,353,2019,2019,,2022/04/15,did-not-finish,did-not-finish (#15),did-not-finish,,,,0,0
52037,The Sickness unto Death,Søren Kierkegaard,"Kierkegaard, Søren",Alastair Hannay,"=""0140445331""","=""9780140445336""",0,Penguin Classics,Paperback,188,1989,1849,,2022/08/25,did-not-finish,did-not-finish (#14),did-not-finish,,,,0,0
513367,In Search of Schrödinger's Cat: Quantum Physics and Reality,John Gribbin,"Gribbin, John",,"=""0553341030""","=""9780553342536""",0,Bantam,Paperback,320,1984,1984,,2022/02/20,did-not-finish,did-not-finish (#13),did-not-finish,,,,0,0
34274957,Life 3.0: Being Human in the Age of Artificial Intelligence,Max Tegmark,"Tegmark, Max",,"=""1101946598""","=""9781101946596""",0,Knopf,Hardcover,364,2017,2017,,2019/02/03,did-not-finish,did-not-finish (#12),did-not-finish,,,,0,0
6652627,One Day In The Life Of Ivan Denisovich,Aleksandr Solzhenitsyn,"Solzhenitsyn, Aleksandr",,"=""0141045353""","=""9780141045351""",0,Penguin Books (Australia),Paperback,144,2009,1962,,2021/07/30,did-not-finish,did-not-finish (#11),did-not-finish,,,,0,0
13456414,A Short Stay in Hell,Steven L. Peck,"Peck, Steven L.",,"=""098374842X""","=""9780983748427""",0,Strange Violin Editions,Paperback,108,2012,2011,,2026/04/20,to-read,to-read (#403),to-read,,,,0,0
210255,Against Nature,Joris-Karl Huysmans,"Huysmans, Joris-Karl","Patrick McGuiness, Robert Baldick","=""0140447636""","=""9780140447637""",0,Penguin Classics,Paperback,288,2004,1884,,2022/08/07,did-not-finish,did-not-finish (#10),did-not-finish,,,,0,0
44440239,Breaking Point: The Future of Australian Cities,Peter Seamer,"Seamer, Peter",,"=""1743820801""","=""9781743820803""",0,Black Inc.,Kindle Edition,300,2019,,,2021/06/19,did-not-finish,did-not-finish (#9),did-not-finish,,,,0,0
20893524,The Poetics of Space,Gaston Bachelard,"Bachelard, Gaston","Maria Jolas, Richard Kearney, Mark Z. Danielewski","=""0143107526""","=""9780143107521""",0,Penguin Classics,Paperback,268,2014,1957,,2022/11/16,did-not-finish,did-not-finish (#8),did-not-finish,,,,0,0
233393,"The Lives of the Most Excellent Painters, Sculptors, and Architects",Giorgio Vasari,"Vasari, Giorgio",,"=""0375760369""","=""9780375760365""",0,Random House USA Inc,Paperback,640,2006,1568,,2022/01/26,did-not-finish,did-not-finish (#7),did-not-finish,,,,0,0
250113,Novel with Cocaine (European Classics),M. Agueev,"Agueev, M.",Michael Henry Heim,"=""0810117096""","=""9780810117099""",0,Northwestern University Press,Paperback,204,1998,1934,,2022/07/20,did-not-finish,did-not-finish (#6),did-not-finish,,,,0,0
116168,Lords of Chaos,Michael Moynihan,"Moynihan, Michael",Didrik Soderlind,"=""0922915946""","=""9780922915941""",0,Feral House,Paperback,405,2003,1998,,2022/05/01,did-not-finish,did-not-finish (#5),did-not-finish,,,,0,0
10474746,The Genesis of Science: How the Christian Middle Ages Launched the Scientific Revolution,James Hannam,"Hannam, James",,"=""1596981555""","=""9781596981553""",0,Regnery,Hardcover,480,2011,2009,,2021/02/14,did-not-finish,did-not-finish (#4),did-not-finish,,,,0,0
8448263,A Concise History of Western Music,Paul Griffiths,"Griffiths, Paul",,"=""0521133661""","=""9780521133661""",0,Cambridge University Press,Paperback,360,2009,2006,,2023/10/30,did-not-finish,did-not-finish (#3),did-not-finish,,,,0,0
39932764,The Tartar Steppe,Dino Buzzati,"Buzzati, Dino","Stuart Hood, Tim Parks","=""0141184124""","=""9780141184128""",0,PENGUIN BOOKS LTD,Paperback,240,2000,1940,,2023/06/17,did-not-finish,did-not-finish (#2),did-not-finish,,,,0,0
76571,Lord of Dark Places,Hal Bennett,"Bennett, Hal",,"=""1885983123""","=""9781885983121""",0.0,Turtle Point Press,Paperback,285,2000,1970,2022/07/29,2023/10/11,did-not-finish,did-not-finish (#1),did-not-finish,"I got halfway into this indescribable novel and just couldn’t continue. It’s well written for the characters and setting, but the story honestly disturbed me. The bleakest novel of all time. I’ve found my limit.",,,1,0
10454889,The Ruba'iyat of Omar Khayyam,Omar Khayyám,"Khayyám, Omar","Peter Avery, John Heath-Stubbs","=""""","=""""",4.0,Penguin Books Limited,Paperback,116,2004,1120,2026/04/17,2026/04/06,favourite-poetry,favourite-poetry (#7),read,"“Dust into dust, and under dust to lie,<br/>Sans wine, sans song, sans singer, and sans end.”",,,1,0
12384322,Narcopolis,Jeet Thayil,"Thayil, Jeet",,"=""0571275761""","=""9780571275762""",3.0,Faber & Faber,Paperback,292,2012,2012,2026/04/16,2026/03/21,,,read,"A murky, degenerate, mosaic novel set in the Bombay underbelly. ₹10,000 (A$150) for Mahatma Gandhi’s dentures is a tidy investment.",,,1,0
68055104,The Foreigner (Library of South Asian Literature),Arun Joshi,"Joshi, Arun",,"=""8122207189""","=""9788122207187""",4.0,Orient Publishing,Kindle Edition,201,1993,1968,2026/03/17,2026/02/06,,,read,A limerent love triangle between two Indian students and an American manic pixie dream girl ends tragically.,,,1,0
785454,Train to Pakistan,Khushwant Singh,"Singh, Khushwant",Arthur Lall,"=""0802132219""","=""9780802132215""",0,Grove Press,Paperback,181,1994,1956,,2026/04/10,to-read,to-read (#402),to-read,,,,0,0
9380780,The Book of Tea,Kakuzō Okakura,"Okakura, Kakuzō",Christopher E.G. Benfey,"=""0141191848""","=""9780141191843""",0,Penguin Classics,Paperback,89,2010,1906,,2026/04/06,to-read,to-read (#401),to-read,,,,0,0
4836021,Censoring an Iranian Love Story,Shahriar Mandanipour,"Mandanipour, Shahriar",Sara Khalili,"=""0307269787""","=""9780307269782""",0,Knopf,Hardcover,295,2009,2008,,2026/04/06,to-read,to-read (#400),to-read,,,,0,0
27167514,The Alchemy of Happiness,Abu Hamid al-Ghazali,"al-Ghazali, Abu Hamid","Elton D. Daniel, Claud Field","=""1317458788""","=""9781317458784""",0,Routledge,Kindle Edition,160,2015,1105,,2026/04/06,to-read,to-read (#399),to-read,,,,0,0
8799640,There Once Lived a Woman Who Tried to Kill Her Neighbour's Baby: Scary Fairy Tales,Ludmilla Petrushevskaya,"Petrushevskaya, Ludmilla","Keith Gessen, Anna Summers","=""0718192079""","=""9780718192075""",0,Penguin Books,Paperback,220,2011,2009,,2026/03/25,to-read,to-read (#398),to-read,,,,0,0
4986731,Siddhartha,Hermann Hesse,"Hesse, Hermann",Hilda Rosner,"=""0141189576""","=""9780141189574""",2.0,Penguin Books,Paperback,121,2008,1922,2026/03/19,2021/06/12,,,read,This highly regarded parable of a freewheeling hippie kinda fetishises Indian spiritualism in a boring way.,,,1,0
30267604,Ghachar Ghochar,Vivek Shanbhag,"Shanbhag, Vivek",Srinath Perur,"=""014311168X""","=""9780143111689""",0,Penguin Books,Paperback,118,2017,2013,,2026/03/18,to-read,to-read (#397),to-read,,,,1,0
240629243,How They Get You: Sneaky Everyday Economics and Smart Ways to Hold on to Your Money,Chris     Kohler,"Kohler, Chris",,"=""1761356429""","=""9781761356421""",5.0,PENGUIN EBOOK,Kindle Edition,280,2025,,2026/02/07,2026/02/04,favourite-nonfiction,favourite-nonfiction (#9),read,"A witty, cynical guide to the many consumer scams and financial grifts we’re susceptible to in Australia.",,,1,0
7946966,Tokyo Decadence,Ryū Murakami,"Murakami, Ryū","Yuko Otake, Marco Fiocca","=""8804529059""","=""9788804529057""",0,Mondadori,Paperback,168,2004,1988,,2026/02/17,to-read,to-read (#390),to-read,,,,0,0
6693658,The Divine Farce,Michael S.A. Graziano,"Graziano, Michael S.A.",,"=""1935248049""","=""9781935248040""",0,Leapfrog Press,Paperback,128,2009,2009,,2026/03/01,to-read,to-read (#396),to-read,,,,0,0
204981486,To Hell & Back Again: Part I: My Black Metal Story,Varg Vikernes,"Vikernes, Varg",,"=""""","=""9798873887798""",2.0,Independently published,Paperback,150,2024,,2024/05/16,2024/06/21,,,read,The trve Thulêan perspective is cornflakes should be crispy. Chapter Six covers the infamous murder well but the rest was too sulky.,,,1,0
23814811,"Debt: The First 5,000 Years",David Graeber,"Graeber, David",,"=""1612194206""","=""9781612194202""",3.0,Melville House,Kindle Edition,542,2014,2011,2024/07/25,2024/05/05,,,read,"A detailed treatise on the moral and social origins of debt as the oldest form of commerce, predating trade. Felt like it took 5000 hours to read though.",,,1,0
8192772,Tao Te Ching,Lao Tzu,"Tzu, Lao",Darrell D. Lau,"=""""","=""""",2.0,Penguin,Kindle Edition,182,1974,-350,2026/02/28,2026/02/27,,,read,"Lyrically beautiful, but l could barely understand what was written in this translation.",,,1,0
7168468,I Believe In Music,Ikutaro Kakehashi,"Kakehashi, Ikutaro",,"=""0634037838""","=""9780634037832""",0,Hal Leonard Books/Hal Leonard Corporation,Hardcover,1,2002,2000,,2022/03/23,to-read,to-read (#395),to-read,,,,1,0
22716175,Gyo,Junji Ito,"Ito, Junji",,"=""1421579154""","=""9781421579153""",0,VIZ Media,Hardcover,398,2015,2002,,2026/02/27,to-read,to-read (#394),to-read,,,,0,0
97411,Letters from a Stoic,Seneca,"Seneca, Seneca",,"=""0140442103""","=""9780140442106""",5.0,Penguin Books,Paperback,254,2004,64,,2019/01/18,favourite-antiquity-philosophy,favourite-antiquity-philosophy (#8),read,,,,1,0
44603606,Spinal Catastrophism: A Secret History,Thomas Moynihan,"Moynihan, Thomas",Iain Hamilton Grant,"=""1913029565""","=""9781913029562""",0,Urbanomic,Paperback,332,2019,2019,,2026/02/19,to-read,to-read (#393),to-read,,,,0,0
13270,Poetics,Aristotle,"Aristotle, Aristotle",Malcolm Heath,"=""0140446362""","=""9780140446364""",0,Penguin Classics,Paperback,144,1996,-335,,2026/02/18,to-read,to-read (#392),to-read,,,,0,0
5642877,John Zorn: Tradition and Transgression,John Brackett,"Brackett, John",,"=""0253220254""","=""9780253220257""",0,Indiana University Press,Paperback,248,2008,2008,,2025/11/08,to-read,to-read (#391),to-read,,,,1,0
15808241,Travels with Epicurus: A Journey to a Greek Island in Search of a Fulfilled Life,Daniel Klein,"Klein, Daniel",,"=""0143121936""","=""9780143121930""",3.0,Penguin Books,Hardcover,176,2012,2012,2026/02/16,2021/01/05,,,read,"After an aging philosopher is given the choice of dentures or implants at the dentist, he decides to flee to Greece to inhabit an Epicurean life for a while.",,,1,0
17557456,Brian Eno: Visual Music,Christopher Scoates,"Scoates, Christopher",,"=""1452108498""","=""9781452108490""",0,Chronicle Books,Hardcover,416,2013,2013,,2026/02/14,to-read,to-read (#389),to-read,,,,0,0
28369597,Cured: The Tale of Two Imaginary Boys,Lol Tolhurst,"Tolhurst, Lol",,"=""0306824280""","=""9780306824289""",3.0,Da Capo,Hardcover,287,2016,2016,2026/02/13,2023/12/28,,,read,A good but tame-by-punk-standards retrospective of three small-town kids forming The Cure. I would’ve preferred more from Robert Smith’s perspective.,,,1,0
827610,The Wasp Factory,Iain Banks,"Banks, Iain",,"=""0349101779""","=""9780349101774""",3.0,Abacus,Paperback,184,1990,1984,2022/07/08,2021/08/07,,,read,"Living in rural Scotland sounds peaceful, until a sociopathic teenager starts murdering locals. The unnecessary twist ending made me cringe.",,,1,0
30285138,The Twenty Days of Turin,Giorgio De Maria,"Maria, Giorgio De",Ramon Glazov,"=""1631492292""","=""9781631492297""",0,Liveright,Hardcover,224,2017,1977,,2026/02/05,to-read,to-read (#388),to-read,,,,0,0
341272,The Island of Doctor Moreau,H.G. Wells,"Wells, H.G.","Margaret Atwood, Steve Maclean, Patrick Parrinder","=""014144102X""","=""9780141441023""",0,Penguin Classics,Paperback,139,2005,1896,,2026/02/05,to-read,to-read (#387),to-read,,,,0,0
59151,Chess Story,Stefan Zweig,"Zweig, Stefan","Peter Gay, Joel Rotenberg, Стефан Цвайг","=""1590171691""","=""9781590171691""",2.0,NYRB Classics,Paperback,104,2005,1942,2026/02/04,2024/06/05,,,read,"The story of a Nazi camp survivor turned chess fanatic seemed promising, but it fell short for me.",,,1,0
20250117,Beethoven's Letters: with explanatory notes Dr. A.C. Kalischer (Dover Books On Music: Composers),Ludwig van Beethoven,"Beethoven, Ludwig van",,"=""""","=""""",0,Dover Publications,Kindle Edition,448,2013,1972,,2026/01/22,to-read,to-read (#385),to-read,,,,0,0
415466,Portnoy's Complaint,Philip Roth,"Roth, Philip",,"=""0375507930""","=""9780375507939""",0,Random House,Hardcover,274,2002,1969,,2026/01/29,to-read,to-read (#386),to-read,,,,0,0
31693,Persuasion,Jane Austen,"Austen, Jane",Gillian Beer,"=""0141439688""","=""9780141439686""",4.0,Penguin Classics,Paperback,250,2003,1817,2026/01/29,2024/05/31,,,read,"""He had no longer any heart to lose; he had been once in love, and the pride of his soul had been deeply wounded.""",,,1,0
37847,"The Long Hard Road Out of Hell: A shocking, candid memoir tracing Marilyn Manson's rise from frightened Christian schoolboy to feared rock superstar",Marilyn Manson,"Manson, Marilyn",Neil Strauss,"=""0060987464""","=""9780060987466""",3.0,ReganBooks,Paperback,275,1999,1998,2023/12/18,2019/01/18,,,read,"He must’ve removed a rib for more flexibility, considering the mental gymnastics he’s used to deny abuse claims. Antichrist Superstar still slaps.",,,1,0
29445603,A Perfect Union of Contrary Things,Sarah Jensen,"Jensen, Sarah",Maynard James Keenan,"=""1495024423""","=""9781495024429""",4.0,Backbeat,Hardcover,272,2016,2016,2026/01/18,2026/01/03,,,read,"Join the army, study art, redesign pet stores, form three huge rock bands, master jiu-jitsu, and plant a 200-acre vineyard to become a world-class multitasker.",,,1,0
12349667,Tyrant Banderas,Ramón María del Valle-Inclán,"Valle-Inclán, Ramón María del","Alberto Manguel, Peter Bush","=""1590174984""","=""9781590174982""",0,New York Review Books,Paperback,200,2012,1926,,2026/01/18,to-read,to-read (#384),to-read,,,,0,0
10746542,The Sense of an Ending,Julian Barnes,"Barnes, Julian",,"=""0224094157""","=""9780224094153""",4.0,Jonathan Cape,Hardcover,150,2011,2011,,2026/01/17,,,read,,,,1,0
201608160,Typhoid Mary: An Urban Historical,Anthony Bourdain,"Bourdain, Anthony",,"=""1639734694""","=""9781639734696""",0,Bloomsbury Publishing,Paperback,160,2024,2001,,2026/01/16,to-read,to-read (#383),to-read,,,,0,0
224003415,Scene: A Memoir,Abel Ferrara,"Ferrara, Abel",,"=""1668097672""","=""9781668097670""",0,Simon & Schuster,Hardcover,272,2025,,,2026/01/12,to-read,to-read (#382),to-read,,,,0,0
221443624,The Future of Truth,Werner Herzog,"Herzog, Werner",Michael Hofmann,"=""1529939518""","=""9781529939514""",4.0,Vintage Digital,Kindle Edition,106,2025,2024,2026/01/08,2025/10/25,,,read,"“Does the internet dream of itself?” said in a raspy, ponderous, Bavarian accent.",,,1,0
28373627,What Is Art?,Leo Tolstoy,"Tolstoy, Leo","Richard Pevear, Larissa Volokhonsky","=""""","=""""",0,Penguin Classics,Paperback,202,1996,1897,,2026/01/07,to-read,to-read (#381),to-read,,,,0,0
54870256,There Is No Antimemetics Division,qntm,"qntm, qntm",Sam  Hughes,"=""""","=""""",0,,Kindle Edition,220,2020,2020,,2026/01/05,to-read,to-read (#380),to-read,,,,0,0
821380,Myths to Live By,Joseph Campbell,"Campbell, Joseph",Johnson E. Fairchild,"=""0140194614""","=""9780140194616""",0,Penguin Compass,Paperback,276,1993,1972,,2026/01/05,to-read,to-read (#379),to-read,,,,0,0
25789,The Book of Five Rings,Miyamoto Musashi,"Musashi, Miyamoto",Thomas Cleary,"=""1590302486""","=""9781590302484""",2.0,Shambhala Pubns,Paperback,166,2005,1645,2026/01/01,2025/12/31,,,read,Better than The Art Of War but in the same ballpark of ‘hustle culture’ warrior philosophy.,,,1,0
12295295,The Lake,Banana Yoshimoto,"Yoshimoto, Banana",Michael Emmerich,"=""1612190898""","=""9781612190891""",0,Melville House,Paperback,188,2012,2005,,2025/12/28,to-read,to-read (#378),to-read,,,,0,0
193432869,"Along the River of Flesh (Gone to See the River Man, #2)",Kristopher Triana,"Triana, Kristopher",,"=""""","=""""",4.0,Bad Dream Books,Kindle Edition,234,2023,2023,2025/10/05,2024/10/05,,,read,"More cat-and-mouse crime procedural than horror. It continues the themes of all-consuming obsession, but it’s just not as eye-opening as the original.",,,1,0
54146925,Ted Kaczynski's Industrial Society and Its Future: The Graphic Novel,Valentín Ramón Menendez,"Menendez, Valentín Ramón",,"=""""","=""""",4.0,,Kindle Edition,142,2020,,2025/01/04,2025/01/02,favourite-graphic-novels,favourite-graphic-novels (#8),read,Real truths made fun as a comic. A primitivist utopia won’t ever exist and surrogate activities are fulfilling but may benignly rely on certain technologies.,,,1,0
198863,"Screw It, Let's Do It: Lessons in Life",Richard Branson,"Branson, Richard",,"=""0753510995""","=""9780753510995""",3.0,Virgin Pub,Paperback,111,2006,2012,2016/01/12,2019/01/18,,,read,,,,1,0
463500,The Bhagavad Gita,Krishna-Dwaipayana Vyasa,"Vyasa, Krishna-Dwaipayana",Laurie L. Patton,"=""0140447903""","=""9780140447903""",5.0,Penguin Classics,Paperback,234,2008,-400,2025/11/30,2024/10/05,,,read,"“Led astray by many wrong thoughts, entangled in the net of delusion, enchained to the pleasures of their cravings, they fall down into a foul hell.”",,,1,0
11761936,The Tunnel,Ernesto Sabato,"Sabato, Ernesto","Colm Tóibín, Margaret Sayers Peden","=""0143106538""","=""9780143106531""",5.0,Penguin Classics,Paperback,147,2012,1948,2022/07/27,2022/07/25,favourite-novels,favourite-novels (#7),read,"If a lovestruck dude hangs outside your workplace all day, there’s a good chance he’s going to eventually murder you.",,,1,0
17826439,Legends of Halahala,Appupen,"Appupen, Appupen",,"=""9350295806""","=""9789350295809""",2.0,HarperCollins,Paperback,144,2013,2013,2025/11/26,2025/11/26,,,read,An anthology of graphic shorts by Indian artist Appupen. The Accordion Manoeuvre reminded me of something from Heavy Metal magazine.,,,1,0
4934923,The Psychedelic Experience: A Manual Based on the Tibetan Book of the Dead,Timothy Leary,"Leary, Timothy",,"=""0141189630""","=""9780141189635""",3.0,Penguin Books,Paperback,144,2008,1964,2025/08/29,2021/03/26,,,read,A third-eye-opening map to the stars for psychonauts and esotericists.,,,1,0
3341920,Owning Your Own Shadow: Understanding the Dark Side of the Psyche,Robert A. Johnson,"Johnson, Robert A.",,"=""006250505X""","=""9780062505057""",5.0,Harper San Francisco,Paperback,128,1992,1991,2025/11/23,2025/11/22,favourite-nonfiction,favourite-nonfiction (#8),read,"“To transform opposition into paradox is to allow both sides of an issue, both pairs of opposites, to exist in equal dignity and worth.” ⚭︎",,,1,0
18688885,In Praise of Shadows,Jun'ichirō Tanizaki,"Tanizaki, Jun'ichirō","Thomas J. Harper, Edward G. Seidensticker","=""""","=""""",4.0,Vintage ,Paperback,73,2001,1933,2024/04/28,2024/03/23,,,read,I read this meditative essay about the use of light in Japanese aesthetics during a power outage at home.,,,1,0
412812,The Mission of Art,Alex Grey,"Grey, Alex",Ken Wilber,"=""157062545X""","=""9781570625459""",0,Shambhala,Paperback,272,2001,1998,,2025/11/22,to-read,to-read (#377),to-read,,,,0,0
163796020,Archive,Sofia Coppola,"Coppola, Sofia",,"=""1915743133""","=""9781915743138""",4.0,MACK,Paperback,488,2023,2023,2025/11/19,2024/06/01,,,read,"A beautifully crafted scrapbook of film stills, polaroids, letters, articles, notes, script snippets, and mood boards from one of Hollywood’s greats.",,,1,0
23923859,Black Sabbath's Master of Reality,John Darnielle,"Darnielle, John",,"=""""","=""""",4.0,Continuum,Kindle Edition,110,2008,2008,2025/08/01,2024/09/11,33-1-3,33-1-3 (#11),read,"A fan revisits Black Sabbath’s album Master of Reality, first as an angsty teen and later as a restless young man. RIP Ozzy.",,,1,0
38794726,The Conspiracy Against the Human Race,Thomas Ligotti,"Ligotti, Thomas",,"=""0143133144""","=""9780143133148""",0,Penguin,Paperback,245,2018,2011,,2025/11/12,to-read,to-read (#376),to-read,,,,0,0
18938708,The Pearl,John Steinbeck,"Steinbeck, John",,"=""1101659815""","=""""",4.0,Penguin Classics,Kindle Edition,124,1994,1947,2025/11/11,2021/02/04,,,read,You basically need to own a priceless pearl to afford decent health cover today too.,,,1,0
228646231,"If Anyone Builds It, Everyone Dies: Why Superhuman AI Would Kill Us All",Eliezer Yudkowsky,"Yudkowsky, Eliezer",Nate Soares,"=""""","=""""",0,"Little, Brown and Company",Hardcover,272,2025,2025,,2025/11/05,to-read,to-read (#375),to-read,,,,0,0
61121980,Hour of the Star,Clarice Lispector,"Lispector, Clarice",,"=""024160057X""","=""9780241600573""",0,Penguin,Kindle Edition,96,2022,1977,,2023/12/07,to-read,to-read (#223),to-read,,,,0,0
56670280,S.C.U.M. Manifesto,Valerie Solanas,"Solanas, Valerie","Maurice Girodias, Vivian Gornick","=""""","=""""",0,The Olympia Press,Paperback,90,1971,1967,,2025/11/02,to-read,to-read (#374),to-read,,,,0,0
73829699,Darkthrone’s A Blaze in the Northern Sky (33 1/3 Europe),Ross Hagen,"Hagen, Ross",,"=""1501354345""","=""9781501354342""",3.0,Bloomsbury Academic,Kindle Edition,150,2020,2020,2025/10/31,2025/10/04,33-1-3,33-1-3 (#36),read,"A concise essay on how Darkthrone have carved a small, inverted pentagram into Norwegian culture.",,,1,0
2260460,There Will Come Soft Rains,Ray Bradbury,"Bradbury, Ray",,"=""089598962X""","=""9780895989628""",4.0,Perfection Learning,Paperback,30,1989,1950,2025/10/16,2022/12/28,,,read,"“The morning house lay empty. The clock ticked on, repeating and repeating its sounds into the emptiness.”",,,1,0
28495,Sculpting in Time,Andrei Tarkovsky,"Tarkovsky, Andrei",Kitty Hunter-Blair,"=""0292776241""","=""9780292776241""",0,University of Texas Press,Paperback,254,1989,1984,,2025/10/15,to-read,to-read (#373),to-read,,,,0,0
49290423,The Life Written by Himself (Russian Library),Archpriest Avvakum Petrov,"Petrov, Archpriest Avvakum","Kenneth Brostrom, Michael Gluck","=""0231198094""","=""9780231198097""",0,Columbia University Press,Paperback,208,2021,1861,,2025/10/14,to-read,to-read (#372),to-read,,,,0,0
43542399,Separate The Dawn,Greg Puciato,"Puciato, Greg",,"=""1732998531""","=""9781732998537""",0,Federal Prisoner,Kindle Edition,206,2019,,,2025/10/13,to-read,to-read (#371),to-read,,,,0,0
42852768,Jealousy,Alain Robbe-Grillet,"Robbe-Grillet, Alain",Richard Howard,"=""""","=""""",0,John Calder (Publishers) Ltd,Hardcover,149,1959,1957,,2025/10/13,to-read,to-read (#370),to-read,,,,0,0
29496322,Samskara: A Rite for a Dead Man (New York Review Books Classics),U.R. Ananthamurthy,"Ananthamurthy, U.R.",A.K. Ramanujan,"=""1590179129""","=""9781590179123""",0,NYRB Classics,Paperback,176,2017,1965,,2025/10/04,to-read,to-read (#369),to-read,,,,0,0
25178145,Brian Eno's Another Green World (33 1/3 Book 67),Geeta Dayal,"Dayal, Geeta",,"=""""","=""""",0,Continuum,Kindle Edition,135,2009,2007,,2024/09/11,"to-read, 33-1-3","to-read (#293), 33-1-3 (#7)",to-read,,,,0,0
74795966,Joy Division's Unknown Pleasures,Chris Ott,"Ott, Chris",,"=""1441135553""","=""9781441135551""",0,Continuum,Kindle Edition,136,2004,2004,,2024/09/11,"to-read, 33-1-3","to-read (#294), 33-1-3 (#8)",to-read,,,,0,0
24149120,Slayer's Reign in Blood (33 1/3 Book 57),D.X. Ferris,"Ferris, D.X.",,"=""""","=""""",0,Continuum,Kindle Edition,160,2008,2008,,2024/09/11,"to-read, 33-1-3","to-read (#296), 33-1-3 (#10)",to-read,,,,0,0
125802751,The Smiths' Meat is Murder (33 1/3),Joe Pernice,"Pernice, Joe",,"=""""","=""""",0,Continuum,Kindle Edition,111,2003,2003,,2025/06/16,"to-read, 33-1-3","to-read (#339), 33-1-3 (#15)",to-read,,,,0,0
18758389,Throbbing Gristle's Twenty Jazz Funk Greats (33 1/3),Drew Daniel,"Daniel, Drew",,"=""""","=""""",0,Continuum International Publishing,Kindle Edition,185,2008,2007,,2025/07/06,"to-read, 33-1-3","to-read (#342), 33-1-3 (#16)",to-read,,,,0,0
21028514,Ween's Chocolate and Cheese (33 1/3 Book 79),Hank Shteamer,"Shteamer, Hank",,"=""""","=""""",0,Continuum International Publishing,Kindle Edition,176,2011,2011,,2025/07/15,"to-read, 33-1-3","to-read (#356), 33-1-3 (#30)",to-read,,,,0,0
45019601,A Pale View of Hills,Kazuo Ishiguro,"Ishiguro, Kazuo",,"=""""","=""""",0,Faber and Faber,Hardcover,192,1982,1982,,2025/09/28,to-read,to-read (#367),to-read,,,,0,0
44453053,Serotonin,Michel Houellebecq,"Houellebecq, Michel",Shaun Whiteside,"=""0374261024""","=""9780374261023""",5.0,"Farrar, Straus and Giroux",Hardcover,309,2019,2019,2022/12/15,2022/11/19,favourite-novels,favourite-novels (#8),read,"A morose Parisian escapes his mundane city life for a more lonesome, pointless existence in the country.",,,1,0
50269327,Earthlings,Sayaka Murata,"Murata, Sayaka",Ginny Tapley Takemori,"=""1783785675""","=""9781783785674""",0,Granta Books,Hardcover,247,2020,2018,,2025/09/19,to-read,to-read (#366),to-read,,,,0,0
18728499,The Necrophiliac,Gabrielle Wittkop,"Wittkop, Gabrielle",,"=""1306031583""","=""9781306031585""",3.0,ECW Press,Kindle Edition,93,2011,1972,2025/09/20,2025/04/17,,,read,The most eloquent and romantic Cannibal Corpse lyrics I’ve ever read.,,,1,0
2584085,The Forged Coupon,Leo Tolstoy,"Tolstoy, Leo",,"=""0393303004""","=""9780393303001""",0,W. W. Norton & Company,Paperback,100,1986,1911,,2025/08/04,to-read,to-read (#360),to-read,,,,0,0
39318140,Corpsepaint,David  Peak,"Peak, David",,"=""1939905389""","=""9781939905383""",0,Word Horde,Paperback,240,2018,2018,,2025/09/16,to-read,to-read (#365),to-read,,,,0,0
7891025,A Country Doctor's Notebook,Mikhail Bulgakov,"Bulgakov, Mikhail",,"=""""","=""""",5.0,Vintage Classics,Paperback,158,2001,1925,2021/07/14,2021/01/27,favourite-novels,favourite-novels (#5),read,"If Bulgakov’s medical internship was this stressful, I’m not surprised he quit medicine to become a novelist.",,,1,0
9808418,Tarantula,Thierry Jonquet,"Jonquet, Thierry",,"=""""","=""""",5.0,Serpent's Tail,Paperback,128,2005,1984,2022/08/19,2022/08/16,favourite-novels,favourite-novels (#13),read,A spicy revenge fantasy concocted for egocentric plastic surgeons.,,,1,0
60965426,The Creative Act: A Way of Being,Rick Rubin,"Rubin, Rick",,"=""0593652886""","=""9780593652886""",3.0,Penguin Press,Hardcover,406,2023,2023,2025/09/17,2024/04/29,,,read,"Criticisms of this book being derivative, cultish, and fake-deep are accurate, however I still found myself highlighting passages.",,,1,0
27226551,Bitches Brew,George Grella Jr.,"Jr., George Grella",,"=""""","=""""",0,Bloomsbury Academic,Kindle Edition,147,2015,2015,,2024/09/11,"to-read, 33-1-3","to-read (#292), 33-1-3 (#1)",to-read,,,,0,0
18666080,Agostino,Alberto Moravia,"Moravia, Alberto",Michael F. Moore,"=""1590177231""","=""9781590177235""",0,NYRB Classics,Paperback,111,2014,1945,,2022/08/27,to-read,to-read (#125),to-read,,,,0,0
20652358,Young Man with a Horn (New York Review Books Classics),Dorothy Baker,"Baker, Dorothy",Gary Giddins,"=""1590175948""","=""9781590175941""",0,NYRB Classics,Kindle Edition,193,2012,1938,,2022/08/07,to-read,to-read (#119),to-read,,,,0,0
11390922,The Room,Hubert Selby Jr.,"Jr., Hubert Selby",,"=""0141195673""","=""9780141195674""",0,Penguin Books,Unknown Binding,225,2011,1971,,2022/05/23,to-read,to-read (#83),to-read,,,,0,0
488156,Hiroshima,John Hersey,"Hersey, John",,"=""""","=""""",4.0,Penguin Modern Classics,Paperback,196,2002,1946,2025/09/11,2021/01/15,,,read,Mercilessly bleak but certainly worth reading.,,,1,0
125800051,Angelo Badalamenti's Soundtrack from Twin Peaks (33 1/3),Clare Nina Norelli,"Norelli, Clare Nina",,"=""""","=""""",0,Bloomsbury Academic,Kindle Edition,142,2017,2017,,2025/07/15,"to-read, 33-1-3","to-read (#358), 33-1-3 (#32)",to-read,,,,0,0
24485629,Portishead's Dummy (33 1/3 Book 85),R.J. Wheaton,"Wheaton, R.J.",,"=""1441155821""","=""9781441155825""",0,Continuum,Kindle Edition,249,2011,2011,,2025/07/15,"to-read, 33-1-3","to-read (#357), 33-1-3 (#31)",to-read,,,,0,0
25116237,Nine Inch Nails' Pretty Hate Machine (33 1/3 Book 78),Daphne Carr,"Carr, Daphne",,"=""1441181946""","=""9781441181947""",0,Continuum,Kindle Edition,194,2011,2011,,2024/09/11,"to-read, 33-1-3","to-read (#289), 33-1-3 (#6)",to-read,,,,0,0
20802588,Aphex Twin's Selected Ambient Works Volume II (33 1/3),Marc Weidenbaum,"Weidenbaum, Marc",,"=""""","=""""",3.0,Bloomsbury Academic,Kindle Edition,126,2014,2014,2025/07/09,2024/09/11,33-1-3,33-1-3 (#3),read,"Despite some odd digressions, it follows Warp Records through the rise of the Internet and Aphex Twin’s influence on both ambient and modern music.",,,1,0
19190514,My Bloody Valentine's Loveless,Mike McGonigal,"McGonigal, Mike",,"=""""","=""""",0,Continuum International Publishing,Kindle Edition,136,2007,2006,,2024/09/11,"to-read, 33-1-3","to-read (#295), 33-1-3 (#9)",to-read,,,,0,0
214988449,Perfection,Vincenzo Latronico,"Latronico, Vincenzo",Sophie Hughes,"=""1681378728""","=""9781681378725""",0,New York Review Books,Paperback,136,2025,2022,,2025/09/06,to-read,to-read (#364),to-read,,,,0,0
94486,The Invention of Morel,Adolfo Bioy Casares,"Casares, Adolfo Bioy","Jorge Luis Borges, Ruth L.C. Simms, Suzanne Jill Levine, Norah Borges de Torre","=""1590170571""","=""9781590170571""",0,New York Review Books,Paperback,103,2003,1940,,2025/09/03,to-read,to-read (#363),to-read,,,,0,0
29968206,GG Allin - My Prison Walls,G.G. Allin,"Allin, G.G.",,"=""""","=""""",4.0,AGGRONAUTIX,Kindle Edition,208,2016,2013,2025/09/02,2025/08/29,,,read,It’s no surprise that GG Allin’s unhinged prison letters are messily written in all caps with spelling errors. His letters to Merle and his mother were tender though.,,,1,0
13230994,Ethics of Big Data: Balancing Risk and Innovation,Kord Davis,"Davis, Kord",,"=""1449311792""","=""9781449311797""",4.0,O'Reilly Media,Paperback,82,2012,2011,2021/03/04,2021/01/19,,,read,,,,1,0
8128736,"Catching the Big Fish: Meditation, Consciousness, and Creativity: 10th Anniversary Edition",David  Lynch,"Lynch, David",,"=""110104330X""","=""9781101043301""",4.0,Tarcher,Kindle Edition,193,2007,2006,2022/10/29,2022/10/29,,,read,“Right now I’m catching some painting fish. And some music fish. I haven’t caught the next film fish yet. I just try to catch ideas—and sometimes I fall in love with one and then I know what I want to do.”,,,1,0
15799151,Daily Rituals: How Artists Work,Mason Currey,"Currey, Mason",,"=""0307273601""","=""9780307273604""",5.0,Knopf,Hardcover,278,2013,2013,2024/04/16,2024/03/31,favourite-nonfiction,favourite-nonfiction (#7),read,"Many historical figures woke up early, had coffee and cigarettes for breakfast, worked until lunch, and finished the day with a long, reflective walk.",,,1,0
2784,Ways of Seeing,John Berger,"Berger, John",,"=""0140135154""","=""9780140135152""",0,Penguin,Paperback,176,1990,1972,,2025/08/28,to-read,to-read (#362),to-read,,,,0,0
36236123,Survivor,Chuck Palahniuk,"Palahniuk, Chuck",,"=""0393355934""","=""9780393355932""",3.0,W. W. Norton & Company,Paperback,304,2018,1999,2006/01/31,2019/01/18,,,read,I read this many years ago when I was a night shift trolley boy and the role of ‘cleaners’ resonated with me.,,,1,0
44279110,My Year of Rest and Relaxation,Ottessa Moshfegh,"Moshfegh, Ottessa",,"=""0525522131""","=""9780525522133""",4.0,Penguin Books,Paperback,289,2019,2018,2025/08/28,2025/08/17,,,read,I read this as a mumblecore dramedy directed by Josh Safdie and starring Dasha Nekrasova and Anna Khachiyan.,,,1,0
184085,Steal This Book,Abbie Hoffman,"Hoffman, Abbie",,"=""156858217X""","=""9781568582177""",4.0,Grand Central Publishing,Paperback,352,2002,1971,,2019/01/18,,,read,Abbie Hoffman would’ve loved LibGen.,,,1,0
9516,"Persepolis: The Story of a Childhood (Persepolis, #1)",Marjane Satrapi,"Satrapi, Marjane",Mattias Ripa,"=""037571457X""","=""9780375714573""",4.0,Pantheon,Paperback,153,2004,2003,2025/08/22,2025/08/18,,,read,"“The revolution is like a bicycle. When the wheels don’t turn, it falls.”",,,1,0
323620,The Notebooks of Malte Laurids Brigge,Rainer Maria Rilke,"Rilke, Rainer Maria",Michael Hulse,"=""0141182210""","=""9780141182216""",0,Penguin Books,Paperback,208,2009,1910,,2025/08/17,to-read,to-read (#361),to-read,,,,0,0
13827302,The Art of Noise: Destruction of Music By Futurist Machines,Luigi Russolo,"Russolo, Luigi",Francesco Balilla Pratella,"=""0983884234""","=""9780983884231""",3.0,Sun Vision Press,Paperback,128,2012,1913,2025/08/11,2025/08/05,,,read,"“Noise, gushing confusely and irregularly out of life, is never totally revealed to us and it keeps in store innumerable surprises for our benefit.”",,,1,0
170448,Animal Farm,George Orwell,"Orwell, George","Russell Baker, C.M. Woodhouse","=""0451526341""","=""9780451526342""",3.0,Signet Classics,Mass Market Paperback,141,1996,1945,2010/01/31,2019/01/18,,,read,🐖🐎🫏🐑🐐🐄🐦‍⬛🪿🐓🐈🐕,,,1,0
29936134,The Little Book of Design Research Ethics,IDEO,"IDEO, IDEO",Jane Fulton Suri,"=""0578163039""","=""9780578163031""",4.0,IDEO,Hardcover,55,2016,,2022/06/26,2022/06/26,,,read,,,,1,0
40899565,After Dark,Haruki Murakami,"Murakami, Haruki",,"=""""","=""""",3.0,Vintage Digital,Kindle Edition,258,2011,2004,2024/01/18,2024/01/12,,,read,"It was poignant and cinematic in style. I enjoyed how he describes scenes like a filmmaker. That said, I might prefer the other Murakami.",,,1,0
35869140,The slavery of our times,Leo Tolstoy,"Tolstoy, Leo",,"=""0649151860""","=""9780649151868""",4.0,Trieste Publishing,Paperback,228,2018,1900,2021/07/07,2021/07/04,,,read,,,,1,0
228655115,Propaganda,Edward L. Bernays,"Bernays, Edward L.",Mark Crispin Miller,"=""""","=""""",4.0,,Kindle Edition,115,2025,1928,2019/09/22,2019/09/15,,,read,,,,1,0
16282095,Cadence And Slang,Nick Disabato,"Disabato, Nick",,"=""""","=""""",4.0,KickStarter/ Creative Commons,ebook,108,2011,2010,2021/05/06,2021/01/08,,,read,,,,1,0
870282,The Torture Garden,Octave Mirbeau,"Mirbeau, Octave",,"=""1873982534""","=""9781873982532""",4.0,Dedalus,Paperback,206,1997,1899,2023/06/20,2022/07/12,,,read,“I have found you can find happiness in slavery”. <br/><br/>The articulate torturer with a passion for incorporating rats in his work was a highlight.,,,1,0
36130406,"The Tao of Seneca: Practical Letters from a Stoic Master, Volume 1",Timothy Ferriss,"Ferriss, Timothy",,"=""""","=""""",4.0,,ebook,352,,,,2019/01/18,,,read,,,,1,0
36749081,Switched-On Bach,Roshanak Kheshti,"Kheshti, Roshanak",,"=""1501320289""","=""9781501320286""",3.0,Bloomsbury Academic,Paperback,118,2019,2019,2025/08/05,2025/08/02,33-1-3,33-1-3 (#34),read,"A sharp look at a pioneering synthesizer album and the studio-as-instrument concept, occasionally veering too far into identity politics.",,,1,0
31144920,Boys for Pele,Amy Gentry,"Gentry, Amy",,"=""1501321315""","=""9781501321313""",0,Bloomsbury Academic,Paperback,176,2018,2018,,2025/07/15,"to-read, 33-1-3","to-read (#359), 33-1-3 (#33)",to-read,,,,0,0
6878264,It Takes a Nation of Millions to Hold Us Back,Christopher R. Weingarten,"Weingarten, Christopher R.",,"=""0826429130""","=""9780826429131""",0,Continuum,Paperback,160,2010,2010,,2025/07/15,"to-read, 33-1-3","to-read (#355), 33-1-3 (#29)",to-read,,,,0,0
4871558,XO,Matthew LeMay,"LeMay, Matthew",,"=""0826429009""","=""9780826429001""",0,Continuum,Paperback,124,2009,2009,,2025/07/15,"to-read, 33-1-3","to-read (#354), 33-1-3 (#28)",to-read,,,,0,0
1543976,Swordfishtrombones,David Smay,"Smay, David",,"=""0826427820""","=""9780826427823""",0,Continuum,Paperback,143,2007,2007,,2025/07/15,"to-read, 33-1-3","to-read (#353), 33-1-3 (#27)",to-read,,,,0,0
150968,Abba Gold: Greatest Hits,Elisabeth Vincentelli,"Vincentelli, Elisabeth",,"=""0826415466""","=""9780826415462""",0,Continuum,Paperback,128,2004,2004,,2025/07/15,"to-read, 33-1-3","to-read (#350), 33-1-3 (#24)",to-read,,,,0,0
302576,OK Computer,Dai Griffiths,"Griffiths, Dai",,"=""0826416632""","=""9780826416636""",0,Continuum,Paperback,144,2004,2004,,2025/07/15,"to-read, 33-1-3","to-read (#349), 33-1-3 (#23)",to-read,,,,0,0
364112,Trout Mask Replica,Kevin Courrier,"Courrier, Kevin",,"=""0826427812""","=""9780826427816""",0,Continuum,Paperback,152,2007,2007,,2025/07/11,"to-read, 33-1-3","to-read (#346), 33-1-3 (#22)",to-read,,,,0,0
782174,Pink Moon,Amanda Petrusich,"Petrusich, Amanda",,"=""0826427901""","=""9780826427908""",0,Continuum,Paperback,128,2007,2007,,2025/07/11,"to-read, 33-1-3","to-read (#348), 33-1-3 (#21)",to-read,,,,0,0
49672234,Suicide,Andi Coulter,"Coulter, Andi",,"=""150135566X""","=""9781501355660""",0,Bloomsbury Academic,Paperback,152,2020,2020,,2025/07/11,"to-read, 33-1-3","to-read (#347), 33-1-3 (#20)",to-read,,,,0,0
215701412,Ministry's The Land of Rape and Honey (33 1/3),Jason Pettigrew,"Pettigrew, Jason",,"=""""","=""9798765106839""",0,Bloomsbury Academic,Paperback,144,2025,,,2025/07/06,"to-read, 33-1-3","to-read (#345), 33-1-3 (#19)",to-read,,,,0,0
52689551,Murder Ballads,Santi Elijah Holley,"Holley, Santi Elijah",,"=""1501355147""","=""9781501355141""",0,Bloomsbury Academic,Paperback,131,2020,2020,,2025/07/06,"to-read, 33-1-3","to-read (#344), 33-1-3 (#18)",to-read,,,,0,0
23014513,Koji Kondo's Super Mario Bros. Soundtrack,Andrew Schartmann,"Schartmann, Andrew",,"=""1628928530""","=""9781628928532""",0,Bloomsbury Academic,Paperback,168,2015,2015,,2025/07/06,"to-read, 33-1-3","to-read (#343), 33-1-3 (#17)",to-read,,,,0,0
28399361,How to Lose Friends and Irritate People,Justin  Pearson,"Pearson, Justin",,"=""""","=""""",4.0,,,,2014,,2025/07/03,2025/07/02,,,read,"A journal from an era when EDM bros like The Bloody Beetroots chased punk’s credibility, but were really just into the aesthetic.",,,1,0
17244326,This Music Leaves Stains: The Complete Story of the Misfits,James Greene Jr.,"Jr., James Greene",,"=""0810884380""","=""9780810884380""",0,Scarecrow Press,Kindle Edition,202,2013,2013,,2025/07/01,to-read,to-read (#341),to-read,,,,0,0
403541,Let Us Compare Mythologies,Leonard Cohen,"Cohen, Leonard",Freda Guttman,"=""0061173754""","=""9780061173752""",3.0,Ecco,Hardcover,79,2007,1956,2025/06/15,2025/06/04,,,read,I read this in Lenny’s distinctly smoky intonation (RIP).,,,1,0
2033807,No Wave,Marc Masters,"Masters, Marc",Weasel Walter,"=""190615502X""","=""9781906155025""",0,Black Dog Pub Ltd,Paperback,205,2007,2007,,2025/06/25,to-read,to-read (#340),to-read,,,,0,0
608736,Deep Listening: A Composer's Sound Practice,Pauline Oliveros,"Oliveros, Pauline",,"=""0595343651""","=""9780595343652""",2.0,iUniverse,Paperback,124,2005,2005,2025/06/26,2023/03/07,,,read,"I expected this to be a deep exploration of listening, but it mainly offers meditation exercises that are only loosely connected to music.",,,1,0
176442681,Rare Flavours,Ram V,"V, Ram","Filipe Andrade, Inês Amaro, AndWorld Design","=""1608861538""","=""9781608861538""",3.0,BOOM! Studios,Paperback,160,2024,2024,2025/06/25,2025/06/01,,,read,The rarest flavour is people. And there will always be room for more.,true,,1,0
61098113,Madvillainy,Will Hagle,"Hagle, Will",,"=""1501389238""","=""9781501389238""",0,Bloomsbury Academic,Paperback,152,2023,2023,,2025/06/14,"to-read, 33-1-3","to-read (#338), 33-1-3 (#14)",to-read,,,,0,0
61484925,BBC Radiophonic Workshop: A Retrospective,William L. Weir,"Weir, William L.",,"=""1501389157""","=""9781501389153""",0,Bloomsbury Academic,Paperback,176,2023,2023,,2025/06/14,"to-read, 33-1-3","to-read (#337), 33-1-3 (#13)",to-read,,,,0,0
564711,György Ligeti: Music of the Imagination,Richard  Steinitz,"Steinitz, Richard",,"=""1555535518""","=""9781555535513""",0,Northeastern University Press,Hardcover,416,2003,2003,,2025/06/13,to-read,to-read (#336),to-read,,,,0,0
52379413,Madonna in a Fur Coat,Sabahattin Ali,"Ali, Sabahattin","Maureen Freely, Alexander Dawe, David Selim Sayers","=""0241422264""","=""9780241422267""",0,Penguin Classics,Paperback,168,2020,1943,,2025/06/04,to-read,to-read (#335),to-read,,,,0,0
58437567,Empire of the Scalpel: The History of Surgery,Ira Rutkow,"Rutkow, Ira",,"=""1501163744""","=""9781501163746""",0,Scribner,Hardcover,416,2022,2022,,2025/06/02,to-read,to-read (#334),to-read,,,,0,0
625138,Let It Come Down,Paul Bowles,"Bowles, Paul",,"=""0141182202""","=""9780141182209""",0,Penguin,Paperback,336,2000,1952,,2025/05/28,to-read,to-read (#333),to-read,,,,0,0
6725882,Thirst for Love,Yukio Mishima,"Mishima, Yukio",Alfred H. Marks,"=""0099530279""","=""9780099530275""",0,Vintage Classic,Paperback,200,2009,1950,,2024/11/16,to-read,to-read (#332),to-read,,,,2,0
203579062,By Night in Chile,Roberto Bolaño,"Bolaño, Roberto","Chris    Andrews, Nicole Krauss","=""1250321743""","=""9781250321749""",0,Picador,Paperback,144,2024,2000,,2025/05/21,to-read,to-read (#331),to-read,,,,1,0
12483882,Schoolgirl,Osamu Dazai,"Dazai, Osamu",Allison Markin Powell,"=""1935548085""","=""9781935548089""",3.0,One Peace Books,Paperback,103,2011,1939,2025/05/21,2025/03/02,,,read,“Sometimes happiness arrives one night too late.”,,,1,0
18490870,Zama,Antonio di Benedetto,"Benedetto, Antonio di",Esther Allen,"=""1590177177""","=""9781590177174""",0,NYRB Classics,Paperback,201,2016,1956,,2025/05/21,to-read,to-read (#330),to-read,,,,0,0
39277832,Play It as It Lays,Joan Didion,"Didion, Joan",,"=""0007414986""","=""9780007414987""",0,4th Estate,Paperback,214,2017,1970,,2025/05/20,to-read,to-read (#329),to-read,,,,0,0
207003520,The Road: A Graphic Novel Adaptation,Manu Larcenet,"Larcenet, Manu",Cormac McCarthy,"=""1419776770""","=""9781419776779""",4.0,Harry N. Abrams,Hardcover,160,2024,2024,2025/05/19,2025/01/13,,,read,A gritty and gloriously illustrated graphic adaptation of a grim classic.,,,1,0
59749571,Blind Owl,Sadegh Hedayat,"Hedayat, Sadegh","Sassan Tabatabai, Sadegh Hedayat","=""""","=""""",4.0,Penguin Classics,Kindle Edition,110,2022,1937,2025/05/18,2025/05/07,,,read,"In this Iranian gothic horror, an opium-addicted man spirals into vengeful hallucinations driven by infidelity.",,,1,0
56021355,The Lover,Marguerite Duras,"Duras, Marguerite",Barbara Bray,"=""0006541593""","=""9780006541592""",0,Flamingo Books/HarperCollins Publishers,Paperback,123,1986,1984,,2025/05/15,to-read,to-read (#328),to-read,,,,0,0
31325459,Choosing Death: The Improbable History of Death Metal & Grindcore,Albert Mudrian,"Mudrian, Albert","John Peel, Scott Carlson","=""1935950169""","=""9781935950165""",0,Bazillion Points,Paperback,384,2016,2004,,2025/05/14,to-read,to-read (#327),to-read,,,,0,0
12848198,The Colonel,Mahmoud Dowlatabadi,"Dowlatabadi, Mahmoud",Tom Patterdale,"=""1612191320""","=""9781612191324""",0,Melville House,Paperback,256,2012,2009,,2025/05/12,to-read,to-read (#326),to-read,,,,0,0
218317021,The Man of Light in Iranian Sufism,Henry Corbin,"Corbin, Henry","Nancy Pearson, Zia Inayat Khan","=""0930872487""","=""9780930872489""",0,Sulūk Press,Paperback,174,1994,1971,,2025/05/12,to-read,to-read (#325),to-read,,,,0,0
232941278,Ingram,Louis C.K.,"C.K., Louis",,"=""1637747918""","=""9781637747919""",0,BenBella Books,Kindle Edition,288,2025,2025,,2025/05/07,to-read,to-read (#324),to-read,,,,0,0
9903,Angels,Denis Johnson,"Johnson, Denis",,"=""0099440830""","=""9780099440833""",0,Vintage,Paperback,209,2003,1977,,2025/05/05,to-read,to-read (#323),to-read,,,,0,0
171423503,Chronicles of The Juice Man,Juicy J.,"J., Juicy",Soren Baker,"=""1867298538""","=""9781867298533""",4.0,HQ Non Fiction,Kindle Edition,232,2023,,2024/03/22,2024/03/16,,,read,"When the smoke clears, be a witness to Juicy J’s lasting impact on DIY southern hip-hop. Who run it.",,,1,0
134119018,Filterworld: How Algorithms Flattened Culture,Kyle Chayka,"Chayka, Kyle",,"=""""","=""""",0,Vintage,Kindle Edition,290,2024,2024,,2024/03/12,to-read,to-read (#322),to-read,,,,1,0
205706169,The New Seoul Park Jelly Massacre,Cho yeeun,"yeeun, Cho",Yewon Jung,"=""1915829038""","=""9781915829030""",0,Honford Star,Paperback,206,2024,2019,,2025/04/18,to-read,to-read (#321),to-read,,,,0,0
40338442,The White Book,Han Kang,"Kang, Han",Deborah Smith,"=""0525573062""","=""9780525573067""",3.0,Hogarth,Hardcover,157,2019,2016,2025/04/16,2025/03/24,,,read,White is a wistful and woeful shade of achromatic grey. Finished this book while visiting Seoul.,,,1,0
60021205,Acts of Desperation,Megan Nolan,"Nolan, Megan",,"=""031642983X""","=""9780316429832""",0,"Little, Brown Paperbacks",Paperback,288,2022,2021,,2025/04/15,to-read,to-read (#320),to-read,,,,0,0
87280,Too Loud a Solitude,Bohumil Hrabal,"Hrabal, Bohumil",Michael Henry Heim,"=""0349102627""","=""9780349102627""",3.0,Abacus,Paperback,112,1993,1976,2024/06/09,2023/06/27,,,read,"Waste compacting would be a satisfying job, but less so crushing literature. Still got with the gypsy girl.",,,1,0
27191166,The Vegetarian,Han Kang,"Kang, Han",Deborah     Smith,"=""""","=""""",4.0,Portobello,Paperback,216,2016,2007,2025/02/17,2025/01/08,,,read,Abstaining from meat becomes the catalyst for madness in this great psychodrama.,,,1,0
139473,Raise the Red Lantern,Su Tong,"Tong, Su",,"=""0684860228""","=""9780684860220""",0,Scribner,Paperback,267,2000,1990,,2025/03/29,to-read,to-read (#319),to-read,,,,0,0
45024007,The Singularity Is Nearer: When We Merge with AI,Ray Kurzweil,"Kurzweil, Ray",,"=""0399562761""","=""9780399562761""",0,Viking,Hardcover,432,2024,2024,,2025/03/28,to-read,to-read (#318),to-read,,,,0,0
838938,The True Story of Ah Q,Lu Xun,"Xun, Lu","魯迅, Yang Xianyi, Gladys Yang, 楊憲益, 戴乃迭","=""9629960443""","=""9789629960445""",2.0,Chinese University Press 香港中文大學,Paperback,160,2003,1922,2025/03/27,2025/03/08,,,read,I couldn’t suss out if this story was lost in translation or if Ah Q was such a drongo he copped the beatings.,,,1,0
56159536,The Drunkard,Liu Yichang,"Yichang, Liu","Nick Hordern, Charlotte Chun-lam Yiu","=""""","=""""",5.0,Chinese University of Hong Kong Press,Kindle Edition,463,2020,1962,2025/03/14,2025/02/27,favourite-novels,favourite-novels (#19),read,A maudlin novelist in seedy mid-century Hong Kong longs to write literary fiction but churns out kung-fu stories and smut for cash. One drink. Another. Three.,,,1,0
341172,The Private Memoirs and Confessions of a Justified Sinner,James Hogg,"Hogg, James",Karl Miller,"=""0141441534""","=""9780141441535""",0,Penguin Books,Paperback,275,2007,1824,,2025/03/12,to-read,to-read (#317),to-read,,,,0,0
987602,"Suffering, Suicide and Immortality: Eight Essays from The Parerga (The Incidentals) (Philosophical Classics)",Arthur Schopenhauer,"Schopenhauer, Arthur",T. Bailey Saunders,"=""0486447812""","=""9780486447810""",0,Dover Publications,Paperback,112,2006,2000,,2025/03/02,to-read,to-read (#316),to-read,,,,0,0
334971,To Live,Yu Hua,"Hua, Yu",Michael Berry,"=""1400031869""","=""9781400031863""",0,Vintage,Paperback,250,2003,1992,,2025/02/27,to-read,to-read (#315),to-read,,,,0,0
8777994,Audition,Ryū Murakami,"Murakami, Ryū",Ralph McCarthy,"=""0393339106""","=""9780393339109""",5.0,W. W. Norton Company,ebook,208,2010,1997,2024/01/06,2023/12/21,favourite-novels,favourite-novels (#16),read,A widowed producer is swept off his feet when he auditions to find the most BPD girl in Japan.,,,1,0
25584451,Piercing,Ryū Murakami,"Murakami, Ryū",,"=""9633102464""","=""9789633102466""",0,Libri Könyvkiadó Kft.,Paperback,196,2014,1994,,2024/02/03,to-read,to-read (#239),to-read,,,,0,0
34405642,How to Stay Alive: The Ultimate Survival Guide for Any Situation,Bear Grylls,"Grylls, Bear",,"=""0593071077""","=""9780593071076""",0,Bantam Press,Hardcover,448,2017,2014,,2025/01/29,to-read,to-read (#314),to-read,,,,0,0
51807602,Joseph Conrad's Heart of Darkness,Peter Kuper,"Kuper, Peter","Maya Jasanoff, Joseph Conrad","=""""","=""""",3.0,W. W. Norton & Company,Kindle Edition,160,2019,2019,2025/01/26,2025/01/22,,,read,"This adaptation is like Fitzcarraldo, but with artwork like Tintin. Steamboats are cool until you encounter starving indigenous cannibals.",,,1,0
41081319,Bad Behaviour,Mary Gaitskill,"Gaitskill, Mary",,"=""0241383102""","=""9780241383100""",0,Penguin Books,Paperback,208,2019,1988,,2025/01/20,to-read,to-read (#313),to-read,,,,0,0
30334197,Paradise Lost,Pablo Auladell,"Auladell, Pablo","John Milton, Angel Gurria","=""1681773627""","=""9781681773629""",4.0,Pegasus Books,Hardcover,320,2017,2012,2025/01/16,2025/01/08,,,read,"Had I not chanced upon this illustrated adaptation, I ne’er would have perused Milton’s classic tome. Each panel doth appear as a Goya painting.",,,1,0
54120953,Tiananmen 1989: Our Shattered Hopes,Lun Zhang,"Zhang, Lun","Adrien Gombeaud, Améziane","=""1684068835""","=""9781684068838""",4.0,IDW,Kindle Edition,114,2020,2019,2025/01/13,2025/01/08,favourite-graphic-novels,favourite-graphic-novels (#9),read,A beautifully illustrated account of one of the worst acts of clandestine violence committed against thousands of peaceful protesters.,,,1,0
31573165,Crime & Punishment (Classics - SelfMadeHero),David Zane Mairowitz,"Mairowitz, David Zane","Alain Korkos, Fyodor Dostoevsky","=""""","=""""",3.0,SelfMadeHero,Kindle Edition,129,2008,2008,2025/01/09,2025/01/06,,,read,"Dostoevsky-pilled readers will hate this simple, short, modern retelling of Crime and Punishment, but it honestly wasn’t bad.",,,1,0
17056,Moonage Daydream: The Life & Times of Ziggy Stardust,David Bowie,"Bowie, David",Mick Rock,"=""0789313502""","=""9780789313508""",0,Universe,Hardcover,320,2005,2002,,2025/01/08,to-read,to-read (#312),to-read,,,,0,0
207003533,Dante's Inferno: A Graphic Novel Adaptation,Paul Brizzi,"Brizzi, Paul","Gaëtan Brizzi, Dante Alighieri","=""1419776754""","=""9781419776755""",0,Harry N. Abrams,Hardcover,160,2024,2023,,2025/01/08,to-read,to-read (#311),to-read,,,,0,0
2896088,Through Music to the Self: How to Appreciate and Experience Anew,Peter Michael Hamel,"Hamel, Peter Michael",,"=""0906540003""","=""9780906540008""",0,Element Books,Paperback,228,1987,1980,,2025/01/06,to-read,to-read (#310),to-read,,,,0,0
40856403,The Hole,Hye-Young Pyun,"Pyun, Hye-Young",Sora Kim-Russell,"=""1628729910""","=""9781628729917""",0,Arcade,Paperback,208,2018,2016,,2025/01/04,to-read,to-read (#309),to-read,,,,0,0
18196668,The Dhammapada,Anonymous,"Anonymous, Anonymous",Irving Babbitt,"=""""","=""""",4.0,New Directions Books,Paperback,122,1965,-400,2021/06/12,2021/06/12,,,read,"“From craving comes grief, from craving comes fear; he who is free from craving neither sorrows nor fears.”",,,1,0
69571,Rich Dad Poor Dad: What the Rich Teach Their Kids About Money—That the Poor and Middle Class Do Not!,Robert T. Kiyosaki,"Kiyosaki, Robert T.",,"=""0751532711""","=""9780751532715""",1.0,Time Warner Books UK,Paperback,195,2002,1997,2018/07/30,2019/01/18,,,read,"In summary, poor dad is good and rich dad is bad, unless you’re the author.",,,1,0
24925593,Christ Stopped at Eboli,Carlo Levi,"Levi, Carlo",,"=""""","=""""",0,Penguin Modern Classics,Paperback,256,,1945,,2024/12/27,to-read,to-read (#308),to-read,,,,0,0
80834,Pyongyang: A Journey in North Korea,Guy Delisle,"Delisle, Guy",Helge Dascher,"=""1897299214""","=""9781897299210""",5.0,Drawn and Quarterly,Paperback,192,2007,2003,2024/12/28,2024/12/18,favourite-graphic-novels,favourite-graphic-novels (#7),read,My last book of Juche 113 is this excellent graphic memoir of a work tourist in North Korea.,,,1,0
22551869,Opus,Satoshi Kon,"Kon, Satoshi",Zack Davisson,"=""1616556064""","=""9781616556068""",0,Dark Horse Manga,Paperback,384,2014,2011,,2024/12/18,to-read,to-read (#307),to-read,,,,0,0
58963086,Fear Stalks the Land!: A Commonplace Book,Thom Yorke,"Yorke, Thom",Stanley Donwood,"=""1838857362""","=""9781838857363""",0,Canongate,Paperback,176,2021,2021,,2024/12/07,to-read,to-read (#306),to-read,,,,0,0
52337238,Life for Sale,Yukio Mishima,"Mishima, Yukio",,"=""""","=""""",5.0,Penguin Books,Paperback,192,,1968,2024/03/11,2024/03/08,favourite-novels,favourite-novels (#10),read,"A psychological, espionage, crime, heist, romantic, gothic horror thriller about the gig economy.",,,1,0
39619607,I Have the Right to Destroy Myself,Young-ha Kim,"Kim, Young-ha",,"=""""","=""""",3.0,Mariner Books,Kindle Edition,128,2007,1995,2024/11/19,2024/11/17,,,read,"“He couldn’t remember anything specific, not even her face. Instead, images of the North Pole, Chupa Chups, a snowball, and dull sex circled in his head.”",,,1,0
55627569,Orthodoxy,G.K. Chesterton,"Chesterton, G.K.",,"=""1087200334""","=""9781087200330""",0,Independently published,Paperback,126,2020,1908,,2024/11/19,to-read,to-read (#305),to-read,,,,0,0
18806499,Sputnik Sweetheart,Haruki Murakami,"Murakami, Haruki",Philip Gabriel,"=""""","=""""",0,Vintage,Paperback,229,2002,1999,,2024/11/17,to-read,to-read (#304),to-read,,,,0,0
62805,The Sound of Waves,Yukio Mishima,"Mishima, Yukio",,"=""""","=""""",0,Vintage Classics,Paperback,183,2000,1954,,2024/11/16,to-read,to-read (#303),to-read,,,,0,0
829313,Miles: The Autobiography,Miles Davis,"Davis, Miles",Quincy Troupe,"=""0671725823""","=""9780671725822""",4.0,Simon & Schuster,Paperback,448,1990,1989,2024/11/16,2023/03/03,,,read,"Great insight into an outspoken, jazz innovating, heroin dabbling, cop hating, surprise foot fetishist.",,,1,0
50403480,At Night All Blood is Black,David Diop,"Diop, David",Anna Moschovakis,"=""0374266972""","=""9780374266974""",3.0,"Farrar, Straus and Giroux",Hardcover,145,2020,2018,2024/11/15,2024/11/09,,,read,"God’s truth, this was a good account of the horrors of war, but it was very repetitive.",,,1,0
53407179,Convenience Store Woman,Sayaka Murata,"Murata, Sayaka",Ginny Tapley Takemori,"=""""","=""""",4.0,Granta Books,ebook,176,2018,2016,2024/03/15,2024/03/09,,,read,A can of Boss coffee and a melon pan from a Japanese convenience store is the breakfast of champions.,,,1,0
11133534,The Sailor Who Fell from Grace With the Sea,Yukio Mishima,"Mishima, Yukio",,"=""""","=""""",4.0,,Kindle Edition,194,,1963,2024/11/11,2024/03/09,,,read,“I could have been a man sailing away forever.”<br/><br/>Disturbed kids need supervision so they don’t form violent bro cults.,,,1,0
17837762,Uzumaki,Junji Ito,"Ito, Junji",Yuji Oniki,"=""1421561328""","=""9781421561325""",4.0,VIZ Media,Hardcover,653,2013,1998,2024/10/26,2024/03/16,,,read,This story is what Maynard from Tool meant when he sang about ‘swinging on the spiral’. 🌀,,,1,0
5969690,The Flood,J.M.G. Le Clézio,"Clézio, J.M.G. Le",,"=""0141191406""","=""9780141191409""",0,Penguin Classics,Paperback,300,2008,1966,,2024/10/21,to-read,to-read (#301),to-read,,,,0,0
58938861,Suspiria de Profundis,Thomas de Quincey,"Quincey, Thomas de",,"=""""","=""""",0,Delhi Open Books,Kindle Edition,82,2021,1845,,2023/09/19,to-read,to-read (#300),to-read,,,,1,0
51283868,The Hole,Hiroko Oyamada,"Oyamada, Hiroko",David  Boyd,"=""0811228878""","=""9780811228879""",3.0,New Directions,Paperback,92,2020,2014,2024/10/19,2024/05/31,,,read,A Ghibli-esque mystery about a lonely woman’s magical journeys to 7-Eleven.,,,1,0
54865506,The Dead,James Joyce,"Joyce, James",,"=""""","=""9798648980785""",2.0,Independently published,Paperback,84,2020,1914,2024/10/04,2023/01/02,,,read,A cosy Christmas dinner party becomes a super boring existential crisis.,,,1,0
52373510,Gone to See the River Man,Kristopher Triana,"Triana, Kristopher",,"=""""","=""""",5.0,Cemetery Dance Publications,Kindle Edition,182,2020,2020,2024/10/08,2023/12/07,favourite-novels,favourite-novels (#18),read,"A chilling adventure into ‘hybristophilia’ and childhood trauma, transcending extreme horror.",,,1,0
1576188,The Street of Crocodiles and Other Stories,Bruno Schulz,"Schulz, Bruno","Jonathan Safran Foer, Celina Wieniewska, David Goldfarb","=""0143105140""","=""9780143105145""",0,Penguin Classics,Paperback,368,2008,1989,,2021/07/30,to-read,to-read (#50),to-read,,,,0,0
1181623,The Holy Piby,Shepherd Robert Athlyi Rogers,"Rogers, Shepherd Robert Athlyi",,"=""0948390638""","=""9780948390630""",0,Research Associates School Times Publications,Paperback,103,2000,2000,,2024/10/07,to-read,to-read (#299),to-read,,,,0,0
72990,He Died with a Felafel in His Hand,John Birmingham,"Birmingham, John",,"=""1875989714""","=""9781875989713""",5.0,Duffy & Snellgrove,Paperback,216,2001,1994,2021/01/29,2021/01/25,favourite-memoirs,favourite-memoirs (#9),read,,,,1,0
50725444,The Trouble With Being Born,Emil M. Cioran,"Cioran, Emil M.",Richard Howard,"=""0241467276""","=""9780241467275""",4.0,Penguin Books,Paperback,177,2020,1973,2022/08/11,2022/08/07,,,read,“The pleasure of slandering yourself greatly exceeds that of being slandered.”,,,1,0
24606050,On Cats,Charles Bukowski,"Bukowski, Charles",,"=""0062396013""","=""9780062396013""",5.0,Ecco,Kindle Edition,129,2015,,2021/05/21,2024/09/28,favourite-poetry,favourite-poetry (#1),read,“All I have to do is watch my cats and my courage returns. I study these creatures. They are my teachers.”,,,1,0
18775402,Consumed,David Cronenberg,"Cronenberg, David",,"=""1416596135""","=""9781416596134""",0,Scribner,Hardcover,308,2014,2014,,2024/09/23,to-read,to-read (#298),to-read,,,,0,0
7063436,On Architecture (Penguin Classics),Vitruvius,"Vitruvius, Vitruvius","Robert Tavernor, Richard Schofield","=""0141441682""","=""9780141441689""",5.0,Penguin Classics,Paperback,464,2012,-15,2021/03/22,2020/08/31,favourite-antiquity-philosophy,favourite-antiquity-philosophy (#7),read,,,,1,0
23207484,Sigur Rós's ( ) (33 1/3),Ethan Hayden,"Hayden, Ethan",,"=""""","=""""",3.0,Bloomsbury Academic,Kindle Edition,169,2014,2014,2024/09/14,2024/09/11,33-1-3,33-1-3 (#5),read,"It was sometimes too preoccupied with linguistics and Sigur Rós’s cool-fake Hopelandic language, but the chapter on space and dynamics was æðislegt.",,,1,0
19348928,Christian Meaning Suffering Anniv Ed,Pope John Paul II,"II, Pope John Paul",,"=""0819854581""","=""9780819854582""",0,Pauline Books & Media,Paperback,128,2014,1984,,2021/03/26,to-read,to-read (#41),to-read,,,,0,0
1425923,Moravagine,Blaise Cendrars,"Cendrars, Blaise",Alan Brown,"=""0140039651""","=""9780140039658""",0,Penguin Books,Paperback,210,1979,1926,,2022/08/07,to-read,to-read (#117),to-read,,,,0,0
44023358,"On Drinking: Charles Bukowski's Definitive Collection of Poetry and Prose on Alcohol, Life, and the Art of Writing",Charles Bukowski,"Bukowski, Charles",,"=""0062857940""","=""9780062857941""",0,Ecco,Paperback,272,2019,2019,,2022/08/30,to-read,to-read (#127),to-read,,,,0,0
9433005,Kid A,Marvin Lin,"Lin, Marvin",,"=""0826423434""","=""9780826423436""",0,Continuum,Paperback,160,2010,2010,,2024/09/11,"to-read, 33-1-3","to-read (#297), 33-1-3 (#12)",to-read,,,,0,0
57986230,Computer World,Steve Tupai Francis,"Francis, Steve Tupai",,"=""1501378988""","=""9781501378980""",0,Bloomsbury Academic,Paperback,160,2022,2022,,2024/09/11,"to-read, 33-1-3","to-read (#290), 33-1-3 (#4)",to-read,,,,0,0
32980852,Homogenic,Emily MacKay,"MacKay, Emily",,"=""1501322745""","=""9781501322747""",0,Bloomsbury Academic,Paperback,160,2017,2017,,2024/09/11,"to-read, 33-1-3","to-read (#291), 33-1-3 (#2)",to-read,,,,0,0
15821207,Nine Inch Nails: the secret history,Alan Cross,"Cross, Alan",,"=""1927002176""","=""9781927002179""",3.0,Audio Joe,Unknown Binding,57,2012,2012,2024/09/06,2024/09/11,,,read,"A not-so-secret history, but a good short read nonetheless.",,,1,0
1154785,Fundamentals of Musical Composition,Arnold Schoenberg,"Schoenberg, Arnold","Gerald Strang, Leonard Stein","=""0571196586""","=""9780571196586""",0,Faber & Faber,Paperback,224,1999,1967,,2024/08/26,to-read,to-read (#288),to-read,,,,0,0
45201472,The Beautiful Ones,Prince,"Prince, Prince",Dan Piepenbring,"=""0399589651""","=""9780399589652""",0,"Spiegel & Grau/Random House, Inc.",Hardcover,280,2019,2019,,2024/08/26,to-read,to-read (#287),to-read,,,,0,0
11670374,Mendelssohn is on the Roof,Jiří Weil,"Weil, Jiří",,"=""1907970010""","=""9781907970016""",2.0,Daunt,Paperback,273,2011,1960,2024/08/10,2024/06/18,,,read,"The opening vignette was like a Charlie Chaplin parody, but the constant perspective shifts made this story confusing and disorienting.",,,1,0
41881472,"The Psychology of Money: Timeless Lessons on Wealth, Greed, and Happiness",Morgan Housel,"Housel, Morgan",,"=""""","=""""",5.0,Harriman House,Paperback,242,2020,2020,2020/11/07,2020/11/02,favourite-nonfiction,favourite-nonfiction (#2),read,“Wealth is hidden. It’s income not spent. Wealth is an option not yet taken to buy something later.”,,,1,0
54613861,The Art of Digital Orchestration,Sam McGuire,"McGuire, Sam",Zbyněk Matějů,"=""0367362740""","=""9780367362744""",5.0,Focal Press,Paperback,280,2020,,2021/10/07,2021/09/30,favourite-nonfiction,favourite-nonfiction (#4),read,"A fantastic, underrated guide to creating and mixing realistic orchestral instrumentation with Logic Pro.",,,1,0
9724761,Life Between Buildings: Using Public Space,Jan Gehl,"Gehl, Jan",,"=""1597268275""","=""9781597268271""",5.0,Island Press,Paperback,216,2011,1971,2020/10/22,2020/10/07,favourite-nonfiction,favourite-nonfiction (#1),read,“The ever­ present fear of vehicular traffic is one of the most pressing problems in traffic­-dominated cities.”,,,1,0
3305564,The Lucky Country,Donald Horne,"Horne, Donald",,"=""0143180029""","=""9780143180029""",5.0,Penguin Books,Paperback,300,2008,1964,2023/01/13,2023/01/09,favourite-nonfiction,favourite-nonfiction (#5),read,“Australia has not been a country of great innovation or originality. It has exploited the innovations of others and much of its boasting is that of a parasite.”,,,1,0
44432844,"Ruined by Design: How Designers Destroyed the World, and What We Can Do to Fix It",Mike Monteiro,"Monteiro, Mike",,"=""""","=""""",5.0,Mule Books,Kindle Edition,251,2019,,2021/01/22,2020/12/17,favourite-nonfiction,favourite-nonfiction (#3),read,“All of Silicon Valley is a revenge fantasy about getting picked last at dodgeball.”,,,1,0
735922,The War of Art,Steven Pressfield,"Pressfield, Steven",,"=""1590710037""","=""9781590710036""",5.0,Rugged Land,Kindle Edition,224,2002,2002,2024/08/04,2022/12/02,favourite-nonfiction,favourite-nonfiction (#6),read,"Writing this review is in itself procrastination from the personal, territorial things I need to do.",,,1,0
29393,Our Band Could Be Your Life: Scenes from the American Indie Underground 1981-1991,Michael Azerrad,"Azerrad, Michael",,"=""0316787531""","=""9780316787536""",0,"Little, Brown Paperbacks",Paperback,522,2002,2001,,2024/08/03,to-read,to-read (#286),to-read,,,,0,0
25043130,Hunger,Knut Hamsun,"Hamsun, Knut",Sverre Lyngstad,"=""0141180641""","=""9780141180649""",5.0,Penguin Classics,Paperback,206,2011,1890,2021/08/06,2021/07/31,favourite-novels,favourite-novels (#6),read,"A romance between a destitute freelance writer and his blunt, useless pencil living together on the cold streets of Oslo. It doesn’t end well for the couple.",,,1,0
36388598,In the Distance,Hernan Diaz,"Diaz, Hernan",,"=""1566894972""","=""9781566894975""",0,Coffee House Press,Kindle Edition,272,2017,2017,,2024/07/06,to-read,to-read (#285),to-read,,,,0,0
8145057,"Egon Schiele, 1890-1918: Desire and Decay",Wolfgang Goerg Fischer,"Fischer, Wolfgang Goerg",Egon Schiele,"=""3836507021""","=""9783836507028""",4.0,taschen,Hardcover,200,2008,1994,2024/07/04,2024/06/12,,,read,"Schiele was the GG Allin of Expressionism. Live fast, die young, and leave behind beautiful paintings.",,,1,0
1156180,This accursed land,Lennard Bickel,"Bickel, Lennard",,"=""0333229398""","=""9780333229392""",0,Macmillan Company of Australia,Hardcover,210,1977,1977,,2024/07/03,to-read,to-read (#284),to-read,,,,0,0
19840468,The Gilded Gutter Life of Francis Bacon: The Authorized Biography,Daniel Farson,"Farson, Daniel",,"=""""","=""""",4.0,Vintage Digital,Kindle Edition,320,2014,1993,2024/07/01,2023/11/06,,,read,One of Bacon’s closest pals tells cheeky stories about the artist’s life in detail. I would’ve loved to share a pint with him and Lucian Freud in mid-century Soho.,,,1,0
31940597,THE POWER OF MINDFULNESS,Nyanaponika Thera,"Thera, Nyanaponika",,"=""""","=""""",3.0,,Kindle Edition,44,2016,,,2019/01/18,,,read,,,,1,0
43997409,Satan's Diary,Leonid Andreyev,"Andreyev, Leonid",Herman Bernstein,"=""1790864615""","=""9781790864614""",0,Independently published,Paperback,226,2018,1920,,2023/10/27,to-read,to-read (#215),to-read,,,,0,0
50879839,After Midnight,Irmgard Keun,"Keun, Irmgard",Anthea Bell,"=""0241391822""","=""9780241391822""",0,Penguin Classics,Paperback,144,2020,1937,,2024/06/18,to-read,to-read (#283),to-read,,,,0,0
468488,The Trick is to Keep Breathing,Janice Galloway,"Galloway, Janice",,"=""1564780813""","=""9781564780812""",0,Dalkey Archive Press,Paperback,236,2015,1989,,2024/06/18,to-read,to-read (#282),to-read,,,,0,0
17309197,The Hanging Garden,Patrick White,"White, Patrick",,"=""1448138299""","=""9781448138296""",0,Vintage Digital,Kindle Edition,240,2012,2012,,2024/06/15,to-read,to-read (#278),to-read,,,,0,0
722065,Reveries of the Solitary Walker,Jean-Jacques Rousseau,"Rousseau, Jean-Jacques",Peter France,"=""0140443630""","=""9780140443639""",0,Penguin Classics,Paperback,155,1980,1782,,2024/06/17,to-read,to-read (#281),to-read,,,,0,0
1197534,Sunset Song (Penguin Classics),Lewis Grassic Gibbon,"Gibbon, Lewis Grassic","Ali Smith, William Malcolm","=""0141188405""","=""9780141188409""",0,Penguin Classics,Paperback,303,2007,1932,,2024/06/17,to-read,to-read (#280),to-read,,,,0,0
2452946,Wake in Fright,Kenneth Cook,"Cook, Kenneth",,"=""0140260528""","=""9780140260526""",0,Penguin Books Australia Ltd,Paperback,142,1997,1961,,2024/06/15,to-read,to-read (#279),to-read,,,,0,0
839803,The Painted Bird,Jerzy Kosiński,"Kosiński, Jerzy",,"=""076580655X""","=""9780765806550""",5.0,Transaction Pub Large Print,Paperback,260,2000,1965,2023/09/08,2023/08/20,favourite-novels,favourite-novels (#11),read,"<s>A sentimental coming-of-age story about a young boy who</s> uh wait, scratch that. This book is an ultramarathon of relentless suffering.",,,1,0
9025882,The Outsider,Albert Camus,"Camus, Albert",Joseph Laredo,"=""0241950058""","=""9780241950050""",5.0,Penguin Books Ltd,Mass Market Paperback,119,2010,1942,2021/01/04,2021/01/04,favourite-novels,favourite-novels (#15),read,Maybe the real treasure was the beach thugs we killed along the way.,,,1,0
45804047,The Dream of a Ridiculous Man,Fyodor Dostoevsky,"Dostoevsky, Fyodor",,"=""109717414X""","=""9781097174140""",4.0,Independently Published,Paperback,76,2019,1877,2024/05/31,2024/01/23,,,read,The Doom of a Ridiculous Wojak.,,,1,0
51045451,The Moustache,Emmanuel Carrère,"Carrère, Emmanuel",,"=""1784876143""","=""9781784876142""",5.0,Vintage Classics,Paperback,192,2020,1986,2024/06/14,2024/06/13,favourite-novels,favourite-novels (#17),read,"If a moustache is shaved in a bathroom and no one is around to see it, did it ever exist?",,,1,0
36696533,New Dark Age: Technology and the End of the Future,James Bridle,"Bridle, James",,"=""178663550X""","=""9781786635501""",0,Verso,Kindle Edition,357,2018,2018,,2024/06/13,to-read,to-read (#277),to-read,,,,0,0
2412600,The Pathseeker,Imre Kertész,"Kertész, Imre",,"=""1933633530""","=""9781933633534""",0,Melville House,Paperback,136,2008,1977,,2024/06/13,to-read,to-read (#276),to-read,,,,0,0
25159299,The Guardian of Mercy: How an Extraordinary Painting by Caravaggio Changed an Ordinary Life Today,Terence Ward,"Ward, Terence",,"=""1628725923""","=""9781628725926""",0,Arcade,Hardcover,200,2016,2016,,2024/06/12,to-read,to-read (#275),to-read,,,,0,0
92575,Concrete,Thomas Bernhard,"Bernhard, Thomas",David McLintock,"=""0226043983""","=""9780226043982""",2.0,University of Chicago Press,Paperback,156,1986,1982,2024/05/10,2024/02/18,,,read,"The internal monologue of a whiny loser who’d be doom-scrolling black pill media, if he was alive today.",,,1,0
824276,The Death of Ivan Ilyich,Leo Tolstoy,"Tolstoy, Leo","Anthony Briggs, Rosemary Edmonds","=""0141023600""","=""9780141023601""",4.0,Penguin,Mass Market Paperback,106,2006,1886,2020/08/23,2020/08/19,,,read,A cautionary tale about the inevitability of death and stepladder safety while hanging drapes.<br/><br/>Russian giants like Tolstoy understand suffering intimately.,,,1,0
971670,Diary of a Superfluous Man,Ivan Turgenev,"Turgenev, Ivan",David Patterson,"=""0393319202""","=""9780393319200""",2.0,W.W. Norton & Company,Paperback,80,1999,1850,2024/06/01,2021/08/07,,,read,The Doom of a Superfluous Wojak.,,,1,0
54503894,Violet Bent Backwards Over the Grass,Lana Del Rey,"Rey, Lana Del",,"=""1982167300""","=""9781982167301""",4.0,Simon & Schuster,Kindle Edition,128,2020,2020,2024/05/25,2024/06/01,favourite-poetry,favourite-poetry (#6),read,"Bittersweet, ASMR audio poems from Ms May Jailer.",,,1,0
226384,Oblomov,Ivan Goncharov,"Goncharov, Ivan","David Magarshack, Milton Ehre","=""""","=""""",3.0,Penguin Books,Paperback,496,2005,1859,2023/09/13,2023/06/16,,,read,My Year of Obstinance and Oblomovism,,,1,0
29610266,White Nights,Fyodor Dostoevsky,"Dostoevsky, Fyodor",Ronald Meyer,"=""0241252083""","=""9780241252086""",4.0,Penguin Classics,Paperback,113,2016,1848,2022/08/06,2022/08/02,,,read,(500) White Nights of Summer,,,1,0
17796873,Soul On Fire - The Life And Music Of Peter Steele,Jeff Wagner,"Wagner, Jeff",,"=""""","=""""",4.0,,Unknown Binding,305,2014,2014,2023/03/02,2021/12/13,,,read,"Great book, but sad to read Steele struggled with finances before his death and couldn’t afford to buy back his family townhouse in Brooklyn.",,,1,0
114610,The Shooting Party,Anton Chekhov,"Chekhov, Anton","Ronald Wilks, John Sutherland","=""0140448985""","=""9780140448986""",0,Penguin Classics,Paperback,199,2004,1884,,2024/06/09,to-read,to-read (#274),to-read,,,,0,0
46730,A Journal of the Plague Year,Daniel Defoe,"Defoe, Daniel",Cynthia Wall,"=""0140437851""","=""9780140437850""",0,Penguin Classics,Paperback,289,2003,1722,,2024/06/09,to-read,to-read (#273),to-read,,,,0,0
401608,The Diary of a Young Girl,Anne Frank,"Frank, Anne","Susan Massotty, Otto H. Frank","=""014118275X""","=""9780141182759""",5.0,Penguin Modern Classics,Paperback,339,2000,1947,2021/12/21,2020/05/19,,,read,,,,1,0
1785652,Captain Beefheart: The Biography,Mike   Barnes,"Barnes, Mike",,"=""0815411901""","=""9780815411901""",0,Cooper Square Press,Hardcover,402,2002,2000,,2019/02/16,to-read,to-read (#2),to-read,,,,0,0
50489065,Pimp: The Story Of My Life,Slim Iceberg,"Iceberg, Slim",,"=""1786896125""","=""9781786896124""",0,FABER AND FABER,Paperback,304,2019,1967,,2024/06/02,to-read,to-read (#272),to-read,,,,0,0
1914989,Solitary Confinement,Christopher Burney,"Burney, Christopher",,"=""0333359011""","=""9780333359013""",0,Four Square,Paperback,152,1964,1951,,2024/06/02,to-read,to-read (#271),to-read,,,,0,0
171094,Selected Poems,Anna Akhmatova,"Akhmatova, Anna",D.M. Thomas,"=""0140186174""","=""9780140186178""",4.0,Penguin Classics,Paperback,160,1992,1969,2022/09/04,2021/10/21,favourite-poetry,favourite-poetry (#2),read,“The rattle of the leper​ is what sings in my hands.”,,,1,0
33862451,Unreconciled: Poems 1991–2013 (French Edition),Michel Houellebecq,"Houellebecq, Michel",,"=""""","=""""",4.0,Cornerstone Digital,Kindle Edition,332,2017,2014,2022/08/31,2022/08/30,favourite-poetry,favourite-poetry (#4),read,"“So calm, in her coma” reminded me of The Smiths.",,,1,0
63899981,Strong Money Australia: How to Gain Financial Independence and Create a Life of Freedom,Dave Gow,"Gow, Dave",,"=""0645632422""","=""9780645632422""",5.0,,Kindle Edition,374,2022,,2023/02/14,2023/01/04,,,read,I miss the FIRE & Chill podcast.,,,1,0
58861255,I Remain in Darkness,Annie Ernaux,"Ernaux, Annie",Tanya Leslie,"=""""","=""""",4.0,Seven Stories Press,Paperback,94,,1996,2023/08/18,2023/08/16,,,read,“She will never again wear the clothes left behind at my place; they seem to belong to a dead person. Yet she is alive and can still make me feel guilty.”,,,1,0
211499508,Maeve,C.J. Leede,"Leede, C.J.",Gaja Cenciarelli,"=""""","=""9791281656000""",0,Mercurio,Paperback,320,2024,2023,,2024/06/01,to-read,to-read (#270),to-read,,,,0,0
7173919,The Jokers,Albert Cossery,"Cossery, Albert","Anna Moschovakis, James Buchan","=""1590173252""","=""9781590173251""",0,NYRB Classics,Paperback,145,2010,1964,,2024/05/31,to-read,to-read (#269),to-read,,,,0,0
56760367,Awake,Harald Voetmann,"Voetmann, Harald",Johanne Sorgenfri Ottosen,"=""0811230813""","=""9780811230810""",0,New Directions,Paperback,112,2021,2010,,2024/05/31,to-read,to-read (#268),to-read,,,,0,0
56059991,Morphine,Mikhail Bulgakov,"Bulgakov, Mikhail","Mikhaïl Boulgakov, Jean-Louis Chavarot","=""2072826969""","=""9782072826962""",4.0,FOLIO,Pocket Book,144,2019,1926,2024/05/29,2024/05/28,,,read,Drugs are a helluva drug.,,,1,0
1033971,A Dog's Heart,Mikhail Bulgakov,"Bulgakov, Mikhail","James Meek, Andrew Bromfield","=""0140455159""","=""9780140455151""",0,Penguin Classic,Paperback,116,2007,1925,,2021/07/14,to-read,to-read (#267),to-read,,,,1,0
10845531,Suicide,Édouard Levé,"Levé, Édouard",Jan Steyn,"=""1564786285""","=""9781564786289""",0,Dalkey Archive Press,Paperback,128,2014,2008,,2022/07/25,to-read,to-read (#104),to-read,,,,0,0
42653621,Darkness at Noon,Arthur Koestler,"Koestler, Arthur","Philip Boehm, Michael Scammell","=""1784875457""","=""9781784875459""",5.0,Vintage Classics,Hardcover,293,2019,1940,2021/02/25,2021/01/16,favourite-novels,favourite-novels (#12),read,"“When the house is on fire, all must help to quench it; if we go on quarrelling about doctrines, we will all be burnt to ashes.”",,,1,0
673334,A Dead Man's Memoir: A Theatrical Novel (Penguin Classics),Mikhail Bulgakov,"Bulgakov, Mikhail",Andrew Bromfield,"=""0140455140""","=""9780140455144""",0,Penguin Classics,Paperback,174,2007,1965,,2024/05/25,to-read,to-read (#266),to-read,,,,0,0
56913168,100 Things We've Lost to the Internet,Pamela Paul,"Paul, Pamela",,"=""0593136772""","=""9780593136775""",0,Crown,Hardcover,288,2021,2021,,2024/05/25,to-read,to-read (#265),to-read,,,,0,0
13542432,The Songlines (Penguin Classics),Bruce Chatwin,"Chatwin, Bruce",Rory Stewart,"=""0142422576""","=""9780142422571""",0,Penguin Classics,Paperback,320,2012,1987,,2024/05/24,to-read,to-read (#264),to-read,,,,0,0
52488327,All My Cats,Bohumil Hrabal,"Hrabal, Bohumil",,"=""0241422183""","=""9780241422182""",0,Penguin Classics,Hardcover,128,2019,1983,,2024/05/24,to-read,to-read (#263),to-read,,,,0,0
576745,Memories of My Melancholy Whores,Gabriel García Márquez,"Márquez, Gabriel García",Edith Grossman,"=""140004460X""","=""9781400044603""",3.0,Alfred A. Knopf,Hardcover,128,2005,2004,2024/05/24,2024/02/15,,,read,A lonely nonagenarian ruminates on his life as a trick while grooming a Sleepy Susan.,,,1,0
43801262,"Hustle Harder, Hustle Smarter",50 Cent,"Cent, 50",Curtis  Jackson,"=""0062953826""","=""9780062953827""",0,Amistad,ebook,304,2020,,,2024/05/24,to-read,to-read (#262),to-read,,,,0,0
836365,Quintessence: The Quality of Having It,Betty Cornfeld,"Cornfeld, Betty",Owen Edwards,"=""1579121500""","=""9781579121501""",3.0,Black Dog & Leventhal,Hardcover,128,2001,1983,2024/05/17,2024/05/03,,,read,“The inevitability of a quintessential object may be recognized in the feeling it gives that the thing itself wants to look the way it does.”,,,1,0
58348190,The Dwarf,Pär Lagerkvist,"Lagerkvist, Pär",,"=""""","=""""",0,Chatto & Windus,Hardcover,175,1967,1944,,2024/05/13,to-read,to-read (#261),to-read,,,,0,0
172229,The Shipyard,Juan Carlos Onetti,"Onetti, Juan Carlos",Nick Caistor,"=""1852424818""","=""9781852424817""",0,Serpents Tail,Paperback,186,2007,1961,,2024/05/12,to-read,to-read (#260),to-read,,,,0,0
18811362,Beer in the Snooker Club (Vintage International),Waguih Ghali,"Ghali, Waguih",Pankaj Mishra,"=""0804170746""","=""9780804170741""",0,Knopf Doubleday Publishing Group,Paperback,229,2014,1964,,2024/05/12,to-read,to-read (#259),to-read,,,,0,0
750487,A Hero of Our Time,Mikhail Lermontov,"Lermontov, Mikhail",Paul Foote,"=""0140447954""","=""9780140447958""",0,Penguin Classics,Paperback,169,2001,1840,,2024/05/12,to-read,to-read (#258),to-read,,,,0,0
25661177,Beside the Sea,Véronique Olmi,"Olmi, Véronique",Adriana Hunter,"=""""","=""""",5.0,Tin House,Kindle Edition,122,2012,2001,2021/02/27,2021/02/26,favourite-novels,favourite-novels (#4),read,"If your loving but erratic mother offers to take you on a beach holiday, tell her you have too much schoolwork and skip town.",,,1,0
23161615,The Red Laugh,Leonid Andreyev,"Andreyev, Leonid",Alexandra Lindem,"=""""","=""""",5.0,Dedalus Ebooks,Kindle Edition,118,2013,1904,2023/06/26,2023/06/22,favourite-novels,favourite-novels (#9),read,A delirious psychological horror about the communal misery caused by war. No laughing matter.,,,1,0
58493460,"All Gas, No Brakes: A Hitchhiker's Diary",Andrew Callaghan,"Callaghan, Andrew",,"=""""","=""""",5.0,,Paperback,,2019,,2024/04/23,2024/04/22,,,read,"“Keeping this book review 55th street, you five me. Everything is going to cee alright.”",,,1,0
3718,Stranger Than Fiction: True Stories,Chuck Palahniuk,"Palahniuk, Chuck",,"=""0385504489""","=""9780385504485""",3.0,Doubleday,Hardcover,256,2004,2004,2024/05/09,2021/10/29,,,read,“I once promised to introduce a friend to Brad Pitt if she’d let me assist in dissecting some medical-school cadavers… it was a deal.”,,,1,0
43685231,The Diary of a Country Priest,Georges Bernanos,"Bernanos, Georges",,"=""0241381800""","=""9780241381809""",0,Penguin Classics,Paperback,256,2019,1936,,2024/05/03,to-read,to-read (#257),to-read,,,,1,0
100945,Vile Bodies,Evelyn Waugh,"Waugh, Evelyn",,"=""""","=""""",0,Penguin Books,Paperback,201,2000,1930,,2024/05/03,to-read,to-read (#256),to-read,,,,0,0
8138427,"Green Metropolis: Why Living Smaller, Living Closer, and Driving Less Are the Keys to Sustainability",David                  Owen,"Owen, David",,"=""1594484848""","=""9781594484841""",3.0,Penguin Publishing Group,Paperback,368,2010,2009,2019/10/29,2019/10/25,,,read,"Trains rule, cars drool.",,,1,0
24874322,The Life of a Stupid Man,Ryūnosuke Akutagawa,"Akutagawa, Ryūnosuke",Jay Rubin,"=""0141397721""","=""9780141397726""",2.0,Penguin Classics,Paperback,55,2015,1927,2023/05/18,2023/05/10,,,read,The story didn’t resonate with me. Please take my two stupid stars.,,,1,0
49149602,No Longer Human (Junji Ito),Junji Ito,"Ito, Junji","Osamu Dazai, Jocelyne Allen","=""1974715795""","=""9781974715794""",5.0,VIZ Media: VIZ Signature,Kindle Edition,616,2019,2019,2024/03/16,2024/01/31,favourite-graphic-novels,favourite-graphic-novels (#6),read,"An adaptation that scarily illustrates a life of shame, suffering, self-loathing, substance abuse, and suicidal ideation. It elevates the original story.",,,1,0
10909804,Just My Type: A Book About Fonts,Simon Garfield,"Garfield, Simon",,"=""1592406521""","=""9781592406524""",5.0,Gotham,Hardcover,384,2011,2010,,2019/01/18,,,read,Five stars despite no mention of Comic Papyrus.,,,1,0
30257963,12 Rules for Life: An Antidote to Chaos,Jordan B. Peterson,"Peterson, Jordan B.",,"=""0345816021""","=""9780345816023""",3.0,Random House Canada,Hardcover,409,2018,2018,2018/12/22,2019/01/18,,,read,The 13th rule for life is always antagonise Elmo on the internet.,,,1,0
59618034,Drowning,Yu Dafu,"Dafu, Yu","郁達夫, Richard  Robinson","=""195539217X""","=""9781955392174""",4.0,Sunny Lou Publishing,Paperback,80,2021,1921,2023/08/25,2023/08/20,,,read,Holden Caulfield but he’s a petulant Chinese student struggling with his incel life in Tokyo. I read a badly xeroxed translation on a Chinese college website.,,,1,0
29939268,Universal Harvester,John Darnielle,"Darnielle, John",,"=""0374282102""","=""9780374282103""",0,"Farrar, Straus and Giroux",Hardcover,214,2017,2017,,2024/04/22,to-read,to-read (#255),to-read,,,,0,0
20077437,Dying: a Memoir,Donald Horne,"Horne, Donald",Myfwanwy Horne,"=""1742285384""","=""9781742285382""",0,PENGUIN EBOOK,Kindle Edition,276,2009,2007,,2024/03/24,to-read,to-read (#254),to-read,,,,0,0
10000,The Face of Another,Kōbō Abe,"Abe, Kōbō",E. Dale Saunders,"=""0375726535""","=""9780375726538""",0,Vintage,Paperback,238,2003,1964,,2024/03/21,to-read,to-read (#253),to-read,,,,0,0
43785239,Who Was Changed and Who Was Dead,Barbara Comyns,"Comyns, Barbara",,"=""""","=""""",0,Virago Modern Classics,Paperback,146,1987,1954,,2024/03/16,to-read,to-read (#252),to-read,,,,0,0
55077715,A Bathroom Book for People Not Pooping or Peeing but Using the Bathroom as an Escape,Joe Pera,"Pera, Joe",Joe Bennett,"=""1250782694""","=""9781250782694""",5.0,Forge,Hardcover,128,2021,2021,2022/03/05,2021/11/07,favourite-graphic-novels,favourite-graphic-novels (#5),read,“One thing that helps me calm down is to repeat the word ‘Hawaii’ over and over.”,,,1,0
1549125,Noise/Music: A History,Paul Hegarty,"Hegarty, Paul",,"=""0826417272""","=""9780826417275""",0,Continuum Intl Pub Group,Paperback,221,2007,2007,,2024/03/15,to-read,to-read (#251),to-read,,,,0,0
28931534,England's Hidden Reverse:  A Secret History of the Esoteric Underground,David Keenan,"Keenan, David",,"=""""","=""""",0,Strange Attractor Press,Unknown Binding,464,2016,2002,,2024/03/15,to-read,to-read (#250),to-read,,,,0,0
35155173,In a Lonely Place,Dorothy B. Hughes,"Hughes, Dorothy B.",Megan Abbott,"=""1681371480""","=""9781681371481""",0,New York Review Books,Kindle Edition,272,2017,1947,,2024/03/14,to-read,to-read (#249),to-read,,,,0,0
85862,"Times Square Red, Times Square Blue",Samuel R. Delany,"Delany, Samuel R.",,"=""0814719201""","=""9780814719206""",0,New York University Press,Paperback,203,2001,1999,,2024/03/12,to-read,to-read (#248),to-read,,,,0,0
13574985,Design Is a Job,Mike Monteiro,"Monteiro, Mike",Erik Spiekermann,"=""1937557049""","=""9781937557041""",4.0,A Book Apart,Paperback,135,2012,2012,2018/01/31,2024/03/12,,,read,,,,1,0
46218285,Giles Corey,Dan Barrett,"Barrett, Dan",,"=""""","=""""",4.0,Enemies List Home Recordings,Paperback,150,2011,2011,2024/02/01,2024/01/12,,,read,"Mostly read this depressing book on a return train trip in Taiwan, passing through forgotten villages fallen into disrepair. Have a nice life.",,,1,0
103072,In the Belly of the Beast: Letters From Prison,Jack Henry Abbott,"Abbott, Jack Henry",,"=""0679732373""","=""9780679732372""",0,Vintage,Paperback,192,1991,1981,,2024/03/10,to-read,to-read (#247),to-read,,,,0,0
15808605,The Cynic Philosophers: From Diogenes to Julian (Penguin Classics),Robert F. Dobbin,"Dobbin, Robert F.",,"=""0141192224""","=""9780141192222""",0,Penguin Classics,Paperback,232,2013,2012,,2020/03/01,to-read,to-read (#246),to-read,,,,0,0
28922,An Artist of the Floating World,Kazuo Ishiguro,"Ishiguro, Kazuo",,"=""0571225365""","=""9780571225361""",0,Faber and Faber,Paperback,206,2005,1986,,2024/03/07,to-read,to-read (#245),to-read,,,,0,0
435714,"Army of She: Icelandic, Iconoclastic, Irrepressible Björk",Evelyn McDonnell,"McDonnell, Evelyn",,"=""0812991508""","=""9780812991505""",4.0,AtRandom,Paperback,128,2001,2001,2024/03/01,2024/01/12,,,read,Brief but bold biographical book boasting Björk’s backstory.,,,1,0
9298174,Leviathan,Paul Auster,"Auster, Paul",,"=""0571258220""","=""9780571258222""",0,Faber & Faber,Paperback,245,1993,1992,,2024/02/20,to-read,to-read (#244),to-read,,,,0,0
42359679,Monolithic Undertow: In Search of Sonic Oblivion,Harry Sword,"Sword, Harry",,"=""0571349048""","=""9780571349043""",0,Faber & Faber Social,Paperback,320,2020,2020,,2024/02/15,to-read,to-read (#243),to-read,,,,0,0
17810,In the Miso Soup,Ryū Murakami,"Murakami, Ryū",Ralph McCarthy,"=""014303569X""","=""9780143035695""",4.0,Penguin,Paperback,217,2006,1997,2024/02/12,2023/12/29,,,read,"A nightlife guide takes a disturbed, American “gaijin” through the Tokyo red-light district and shockingly they don’t eat miso soup at all.",,,1,0
43969455,"Class, Control, and Classical Music",Anna Bull,"Bull, Anna",,"=""0190844353""","=""9780190844356""",0,Oxford University Press,Hardcover,264,2019,,,2024/02/10,to-read,to-read (#242),to-read,,,,0,0
16621634,Einstein & The Art of Mindful Cycling: Achieving Balance in the Modern World (Mindfulness series),Ben Irvine,"Irvine, Ben",,"=""1908005475""","=""9781908005472""",0,Leaping Hare Press,Hardcover,144,2018,2012,,2024/02/10,to-read,to-read (#241),to-read,,,,0,0
6345451,The Path to the Spiders' Nests,Italo Calvino,"Calvino, Italo","Archibald Colquhoun, Martin McLaughlin","=""0141189738""","=""9780141189734""",0,Penguin Books,Paperback,185,2009,1947,,2024/02/09,to-read,to-read (#240),to-read,,,,0,0
26196551,The Hatred of Music (The Margellos World Republic of Letters),Pascal Quignard,"Quignard, Pascal","Matthew Amos, Fredrik Rönnbäck","=""0300211384""","=""9780300211382""",3.0,Yale University Press,Hardcover,216,2016,1996,2024/02/07,2024/02/01,,,read,"A treatise of good essays and maxims written by a surly musician on why music is an insidious, persistent, and existential threat. Ears have no eyelids.",,,1,0
279462,Essays,Plutarch,"Plutarch, Plutarch","Robin Waterfield, Ian Kidd","=""0140445641""","=""9780140445640""",4.0,Penguin Classics,Paperback,448,1993,1993,2022/07/18,2022/03/22,favourite-antiquity-philosophy,favourite-antiquity-philosophy (#6),read,,,,1,0
17316682,Remote: Office Not Required,David Heinemeier Hansson,"Hansson, David Heinemeier","Jason Fried, Rebecca Lowman","=""0804148996""","=""9780804148993""",3.0,Random House Audio,Audiobook,256,2013,2013,,2019/01/18,,,read,,,,1,0
19501632,Kitchen Confidential: Adventures in the Culinary Underbelly,Anthony Bourdain,"Bourdain, Anthony",,"=""1408845040""","=""9781408845042""",4.0,Bloomsbury,Paperback,362,2013,2000,,2019/01/18,,,read,,,,1,0
260218,Million Dollar Consulting: the Professional's Guide to Growing a Practice,Alan Weiss,"Weiss, Alan",,"=""007138703X""","=""9780071387033""",3.0,McGraw-Hill,Paperback,358,2003,1992,,2019/01/18,,,read,,,,1,0
20433135,"Don't Make Me Think, Revisited: A Common Sense Approach to Web Usability",Krug Steve,"Steve, Krug",,"=""""","=""""",4.0,New Riders,Kindle Edition,210,2013,2000,,2019/01/18,,,read,,,,1,0
15811590,The Art of Happiness,Epicurus,"Epicurus, Epicurus","George K. Strodach, Daniel Klein","=""0143107216""","=""9780143107217""",5.0,Penguin Classics,Paperback,251,2012,-300,2021/01/02,2020/12/30,favourite-antiquity-philosophy,favourite-antiquity-philosophy (#2),read,,,,1,0
134891,Fragments,Heraclitus,"Heraclitus, Heraclitus","Brooks Haxton, James Hillman","=""0142437654""","=""9780142437650""",4.0,Penguin Classics,Paperback,97,2003,-501,2022/01/26,2022/01/26,favourite-antiquity-philosophy,favourite-antiquity-philosophy (#5),read,,,,1,0
13542777,On Living and Dying Well (Penguin Classics),Marcus Tullius Cicero,"Cicero, Marcus Tullius",Thomas Habinek,"=""0140455566""","=""9780140455564""",4.0,Penguin Books,Paperback,240,2012,2012,2021/10/31,2020/12/30,favourite-antiquity-philosophy,favourite-antiquity-philosophy (#4),read,,,,1,0
30659,Meditations,Marcus Aurelius,"Aurelius, Marcus",Martin Hammond,"=""0140449337""","=""9780140449334""",5.0,Penguin Books,Paperback,254,2006,180,2019/02/23,2019/01/18,favourite-antiquity-philosophy,favourite-antiquity-philosophy (#3),read,,,,1,0
4143812,Discourses and Selected Writings,Epictetus,"Epictetus, Epictetus",Robert Dobbin,"=""0140449469""","=""9780140449464""",5.0,Penguin Books,Paperback,276,2008,108,2020/10/08,2019/03/03,favourite-antiquity-philosophy,favourite-antiquity-philosophy (#1),read,,,,1,0
41715294,"Undaunted: Surviving Jonestown, Summoning Courage, and Fighting Back",Jackie Speier,"Speier, Jackie",,"=""1503958590""","=""9781503958593""",0,Little A,Kindle Edition,242,2018,,,2024/02/02,to-read,to-read (#238),to-read,,,,0,0
28215694,A Terrace in Rome,Pascal Quignard,"Quignard, Pascal","Douglas J. Penick, Charles Ré","=""1939663164""","=""9781939663160""",0,Wakefield Press,Paperback,117,2016,2000,,2024/02/01,to-read,to-read (#237),to-read,,,,0,0
123781,The Radiance of the King,Camara Laye,"Laye, Camara",James Kirkup,"=""0940322587""","=""9780940322585""",0,NYRB Classics,Paperback,279,2001,1954,,2024/01/31,to-read,to-read (#236),to-read,,,,0,0
26012044,No Longer Human,Osamu Dazai,"Dazai, Osamu",Donald Keene,"=""""","=""""",4.0,New Directions,Hardcover,177,1958,1948,2023/08/19,2023/07/18,,,read,Proof you can self-destruct in a downward spiral while still being incredibly polite.,,,1,0
268444,The Butcher's Wife,Li Ang,"Ang, Li","Howard Goldblatt, Ellen Yeung","=""072061161X""","=""9780720611618""",3.0,Peter Owen Publishers,Paperback,142,2002,1983,2024/01/27,2024/01/16,,,read,"Glib, small town gossip can be just as hideous as matricidal domestic violence.",,,1,0
6763725,Capitalist Realism: Is There No Alternative?,Mark Fisher,"Fisher, Mark",,"=""1846943175""","=""9781846943171""",4.0,Zero Books,Paperback,81,2009,2009,2022/10/23,2019/11/10,,,read,Red Scare brought me here. Interesting ideas. RIP.,,,1,0
52132,...Or Not to Be: A Collection of Suicide Notes,Marc Etkind,"Etkind, Marc",,"=""1573225800""","=""9781573225809""",4.0,Riverhead Trade,Paperback,114,1997,1997,2023/01/16,2023/10/11,,,read,“Car to Helen or Ray. Needs a tuneup. Money to Max and Sylvia. Furniture to George plus $137 I owe him.”,,,1,0
29581922,The Life of Frederic Chopin,Franz Liszt,"Liszt, Franz","Harrison George Mason, Martha Walker Cook","=""1530533007""","=""9781530533008""",0,CreateSpace Independent Publishing Platform,Paperback,194,2016,1880,,2024/01/12,to-read,to-read (#235),to-read,,,,0,0
42202009,"Resistance: A Songwriter's Story of Hope, Change, and Courage",Tori Amos,"Amos, Tori",,"=""1982104155""","=""9781982104153""",0,Atria Books,Hardcover,272,2020,2020,,2024/01/12,to-read,to-read (#234),to-read,,,,0,0
66143,A Crackup at the Race Riots,Harmony Korine,"Korine, Harmony",,"=""0385485883""","=""9780385485883""",3.0,Doubleday,Paperback,192,1998,1998,2023/01/11,2023/07/30,,,read,“A mistress is something between a master and a mattress.”,,,1,0
415459,I Have No Mouth & I Must Scream,Harlan Ellison,"Ellison, Harlan",Theodore Sturgeon,"=""0441363954""","=""9780441363957""",4.0,Ace,Mass Market Paperback,134,1967,1967,2019/05/23,2019/01/18,,,read,I Have No Wifi And I Must Scream,,,1,0
4981,Slaughterhouse-Five,Kurt Vonnegut Jr.,"Jr., Kurt Vonnegut",,"=""""","=""""",1.0,Dial Press,Paperback,275,1999,1969,2021/06/07,2020/09/01,,,read,Slogger-house-five,,,1,0
32590,Pan,Knut Hamsun,"Hamsun, Knut",Sverre Lyngstad,"=""0141180676""","=""9780141180670""",3.0,Penguin Publishing Group,Paperback,181,1998,1894,2022/11/18,2022/08/04,,,read,The Sorrows of Young Ted Kaczynski,,,1,0
922712,Snakes and Earrings (Originally published in Japan as Hebi ni Piasu),Hitomi Kanehara,"Kanehara, Hitomi",David Karashima,"=""0525948899""","=""9780525948896""",4.0,Dutton / Penguin Group (USA),Hardcover,120,2005,2003,2024/01/09,2024/01/06,,,read,"A terse and angsty story of self-destruction, forked tongues, and toxic punk love triangles.",,,1,0
931538,Wisconsin Death Trip,Michael Lesy,"Lesy, Michael",,"=""0385412150""","=""9780385412155""",0,Anchor Books,Paperback,264,1973,1973,,2024/01/07,to-read,to-read (#233),to-read,,,,0,0
44587970,Rest and Be Thankful,Emma Glass,"Glass, Emma",,"=""1526601079""","=""9781526601070""",0,Bloomsbury Publishing,Hardcover,144,2020,2020,,2024/01/03,to-read,to-read (#232),to-read,,,,0,0
52856158,The Miracle Of Mindfulness: The Classic Guide to Meditation by the World's Most Revered Master,Thich Nhat Hanh,"Hanh, Thich Nhat",,"=""1846046408""","=""9781846046407""",3.0,Rider,Paperback,192,2021,1975,2019/01/09,2024/01/03,,,read,,,,1,0
1437893,The Moviegoer,Walker Percy,"Percy, Walker",,"=""0374505969""","=""9780374505967""",0,The Noonday Press,Paperback,242,,1961,,2024/01/03,to-read,to-read (#231),to-read,,,,0,0
157313,Squee,Jhonen Vásquez,"Vásquez, Jhonen",,"=""0943151244""","=""9780943151243""",4.0,SLG Publishing,Paperback,144,1998,1998,2006/01/31,2024/01/01,,,read,,,,1,0
19559256,Economics in One Lesson,Henry Hazlitt,"Hazlitt, Henry",,"=""0517548232""","=""""",3.0,Crown Currency,Paperback,218,1979,1946,2019/02/03,2019/01/22,,,read,,,,1,0
30833,The Death and Life of Great American Cities,Jane Jacobs,"Jacobs, Jane",,"=""0375508732""","=""9780375508738""",4.0,Random House,Hardcover,472,2002,1961,2020/10/06,2019/10/29,,,read,Make America Walkable Again (MAWA),,,1,0
11340574,The Body-Snatcher,Robert Louis Stevenson,"Stevenson, Robert Louis",,"=""1447405250""","=""9781447405252""",4.0,Fantasy and Horror Classics,Paperback,38,2011,1884,2022/07/31,2022/07/31,,,read,"Similar to Burke and Hare, I digged this short story.",,,1,0
34496125,The Tragedy of Brady Sims (Vintage Contemporaries),Ernest J. Gaines,"Gaines, Ernest J.",,"=""0525434461""","=""9780525434467""",4.0,Vintage,Paperback,114,2017,2017,2022/07/31,2022/07/28,,,read,Crime-laden soul food with southern gothic spice.,,,1,0
27218337,Voices from Chernobyl: The Oral History of a Nuclear Disaster,Svetlana Alexievich,"Alexievich, Svetlana",Keith Gessen,"=""1943150990""","=""9781943150991""",0,Dalkey Archive Press,Paperback,240,2015,1997,,2021/01/29,to-read,to-read (#230),to-read,,,,0,0
29632241,Sushi: Jiro Gastronomy: Sushi Sukiyabashi Jiro,Jirō Ono,"Ono, Jirō","Yoshikazu Ono, Masuhiro Yamamoto","=""1421589087""","=""9781421589084""",3.0,VIZ Media LLC,Paperback,96,2016,,2023/12/29,2023/02/01,,,read,Jirō Ono embodies perfection. He recalls almost having a nervous breakdown because at one time his rice was too starchy to make perfect nigiri.,,,1,0
401939,Touching from a Distance: Ian Curtis and Joy Division,Deborah Curtis,"Curtis, Deborah",,"=""0571207391""","=""9780571207398""",0,Faber & Faber,Paperback,208,1996,1995,,2023/12/28,to-read,to-read (#229),to-read,,,,0,0
13606811,Self-Portrait,Man Ray,"Ray, Man",,"=""0141195509""","=""9780141195506""",0,PENGUIN UK,Paperback,402,2012,1961,,2023/12/28,to-read,to-read (#228),to-read,,,,0,0
51284863,Sing Backwards and Weep: A Memoir,Mark Lanegan,"Lanegan, Mark",,"=""0306922800""","=""9780306922800""",0,Hachette Books,Hardcover,352,2020,2020,,2023/12/20,to-read,to-read (#227),to-read,,,,0,0
59013352,The Undiscovered Self,C.G. Jung,"Jung, C.G.",,"=""""","=""""",0,Princeton University Press ,Paperback,176,2010,1961,,2021/01/27,to-read,to-read (#59),to-read,,,,0,0
224168,Notes from Underground,Fyodor Dostoevsky,"Dostoevsky, Fyodor","Richard Pevear, Larissa Volokhonsky","=""1857152719""","=""9781857152715""",4.0,Everyman's Library Ltd,Hardcover,160,2004,1864,2019/03/17,2019/03/03,,,read,"“I say let the world go to hell, but I should always have my tea.”",,,1,0
118449,Melancholy,Jon Fosse,"Fosse, Jon","Damion Searls, Grethe Kvernes","=""1564784517""","=""9781564784513""",0,Dalkey Archive Press,Paperback,284,2006,1995,,2023/12/10,to-read,to-read (#226),to-read,,,,0,0
6096464,Shoplifting from American Apparel,Tao Lin,"Lin, Tao",,"=""1933633786""","=""9781933633787""",2.0,Melville House,Paperback,112,2009,2009,2023/04/05,2023/04/03,,,read,,,,1,0
58082714,The Nineties,Chuck Klosterman,"Klosterman, Chuck",,"=""0735217955""","=""9780735217959""",0,Penguin Press,Hardcover,370,2022,2022,,2023/12/09,to-read,to-read (#225),to-read,,,,0,0
60747449,The Piano: A History in 100 Pieces,Susan Tomes,"Tomes, Susan",,"=""0300267053""","=""9780300267051""",0,Yale University Press,Paperback,400,2022,2021,,2023/12/07,to-read,to-read (#224),to-read,,,,0,0
43426111,For the Love of Music: A Conductor's Guide to the Art of Listening,John Mauceri,"Mauceri, John",,"=""0525520651""","=""9780525520658""",0,Knopf,Hardcover,224,2019,,,2023/12/06,to-read,to-read (#222),to-read,,,,0,0
205218,Ethics,Baruch Spinoza,"Spinoza, Baruch","Stuart Hampshire, Edwin M. Curley","=""0140435719""","=""9780140435719""",0,Penguin Classics,Paperback,186,2005,1677,,2023/11/29,to-read,to-read (#221),to-read,,,,0,0
10534,The Art of War,Sun Tzu,"Tzu, Sun",Thomas Cleary,"=""""","=""""",2.0,Harper Press,Paperback,170,2005,-500,2020/07/21,2020/08/18,,,read,"Business chads with MBAs love this book, but it only made me want to wage war in ancient China.",,,1,0
2165,The Old Man and the Sea,Ernest Hemingway,"Hemingway, Ernest",,"=""0684830493""","=""9780684830490""",4.0,Scribner,Hardcover,96,1996,1952,2021/01/23,2021/01/23,,,read,“You’re gonna need a bigger boat.”,,,1,0
3047956,Rage,Richard  Bachman,"Bachman, Richard",Stephen  King,"=""0450053792""","=""9780450053795""",4.0,New English Library,Mass Market Paperback,211,1983,1977,2022/06/10,2021/11/01,,,read,"Great story, but too tame to be banned. He should’ve used the pseudonym “Stephen Kingcel” instead.",,,1,0
18050143,"Zero to One: Notes on Startups, or How to Build the Future",Peter Thiel,"Thiel, Peter",Blake  Masters,"=""0804139296""","=""9780804139298""",3.0,Crown Currency,Hardcover,195,2014,2014,2022/12/01,2022/11/15,,,read,I listened to the audiobook after hearing of Thiel’s fallout bunker near where I was staying in Queenstown. He’s a kooky but compelling tech oligarch.,,,1,0
40987300,Drive Your Plow Over the Bones of the Dead,Olga Tokarczuk,"Tokarczuk, Olga",Antonia Lloyd-Jones,"=""1925774007""","=""9781925774009""",0,TEXT EBOOK,Kindle Edition,288,2018,2009,,2023/11/16,to-read,to-read (#220),to-read,,,,0,0
40046055,The Abyss and Other Stories,Leonid Andreyev,"Andreyev, Leonid",Hugh Aplin,"=""1847497233""","=""9781847497239""",0,Alma Classics,Paperback,320,2018,1926,,2023/11/13,to-read,to-read (#218),to-read,,,,0,0
44902202,Into The Never: Nine Inch Nails And The Creation Of The Downward Spiral,Adam  Steiner,"Steiner, Adam",,"=""1617137316""","=""9781617137310""",4.0,Backbeat,Paperback,296,2020,,2023/11/14,2023/03/26,,,read,A book length album review that truly decodes and dissects The Downward Spiral. NIИE out of TEИ.,,,1,0
78268,Faraway Places,Tom Spanbauer,"Spanbauer, Tom",,"=""0060975520""","=""9780060975524""",0,HarperCollins,Paperback,124,1993,1988,,2023/11/14,to-read,to-read (#219),to-read,,,,0,0
56360429,The Art of Goosebumps,Sarah Rodriqeuz,"Rodriqeuz, Sarah",Tim Jacobus,"=""1524106909""","=""9781524106904""",3.0,Dynamite Entertainment,Hardcover,200,2021,2021,2022/05/14,2023/11/12,,,read,,,,1,0
676920,The Consumer,Michael Gira,"Gira, Michael",,"=""1880985268""","=""9781880985267""",0,2 13 61,Paperback,233,1995,1995,,2023/11/06,to-read,to-read (#217),to-read,,,,0,0
308990,Francis Bacon: 1909-1992,Luigi Ficacci,"Ficacci, Luigi",,"=""3822821985""","=""9783822821985""",0,TASCHEN,,96,2003,1999,,2023/11/06,to-read,to-read (#216),to-read,,,,0,0
16076971,A Cotton Candy Autopsy,Dave Louapre,"Louapre, Dave",Dan Sweetman,"=""""","=""""",4.0,,Unknown Binding,69,1990,1990,2022/02/16,2022/02/16,,,read,"Roly poly, topsy turvy, hang upside down, fall to the ground. 🤡",,,1,0
58383,Story of the Eye,Georges Bataille,"Bataille, Georges","Joachim Neugroschel, Susan Sontag, Roland Barthes","=""0141185384""","=""9780141185385""",3.0,Penguin Classic,Paperback,127,2014,1928,2023/07/07,2023/06/20,,,read,I showed you my eyeball please respond.,,,1,0
936205,Invitation to a Beheading,Vladimir Nabokov,"Nabokov, Vladimir",,"=""0140100407""","=""9780140100402""",3.0,Penguin Classics,Paperback,192,1990,1935,2023/10/31,2022/07/01,,,read,"“The Kifer Distributing Center has received a large selection of ladies’ belts, and the offer may not be repeated.”",,,1,0
9278897,"The 4-Hour Work Week: Escape the 9-5, Live Anywhere and Join the New Rich",Timothy Ferriss,"Ferriss, Timothy",,"=""0091929113""","=""9780091929114""",4.0,Vermilion.,Paperback,396,2011,2007,2016/01/31,2019/01/18,,,read,,,,1,0
24957214,On Quiet Nights,Till Lindemann,"Lindemann, Till","Ehren Fordyce, Matthias Matthies, Michael A. Arnzen","=""""","=""""",4.0,Raw Dog Screaming Press,Paperback,148,2015,2013,2022/01/23,2022/01/23,favourite-poetry,favourite-poetry (#3),read,Du… du hast… du hast poesie.,,,1,0
18040653,Grishjärta,Nattramn,"Nattramn, Nattramn",,"=""""","=""""",4.0,HAL,Hardcover,156,2011,2011,2023/10/27,2023/10/27,favourite-poetry,favourite-poetry (#5),read,"I read this entirely in Nattramn’s high-pitched, shrieking DSBM vocals.",,,1,0
12066268,His Pain,Wrath James White,"White, Wrath James",,"=""1936383675""","=""9781936383672""",4.0,Deadite Pr,Paperback,79,2011,2006,2023/10/23,2023/10/22,,,read,"This grisly, visceral story makes The Hellbound Heart seem like Goosebumps in comparison.",,,1,0
51933,Madness and Civilization: A History of Insanity in the Age of Reason,Michel Foucault,"Foucault, Michel",,"=""067972110X""","=""9780679721109""",0,Vintage,Paperback,299,1988,1961,,2023/10/22,to-read,to-read (#214),to-read,,,,0,0
46207193,Succulent Prey,Wrath James White,"White, Wrath James",,"=""1621051528""","=""9781621051527""",0,Deadite Press,Paperback,278,2019,2005,,2023/10/22,to-read,to-read (#213),to-read,,,,0,0
38471134,My Friend Dahmer,Derf Backderf,"Backderf, Derf",,"=""""","=""""",5.0,,ebook,28,,2012,,2021/01/18,favourite-graphic-novels,favourite-graphic-novels (#1),read,,,,1,0
102564,The Mysterious Stranger,Mark Twain,"Twain, Mark",,"=""1573920398""","=""9781573920391""",0,G38-Prometheus,Paperback,122,1995,1916,,2023/10/13,to-read,to-read (#212),to-read,,,,0,0
125125769,Diary of a Madman and Other Stories,Lu Xun,"Xun, Lu",,"=""""","=""9798888304976""",0,Bibliotech Press,Paperback,252,2023,1926,,2023/10/11,to-read,to-read (#211),to-read,,,,0,0
24224468,365 Sayings of the Quran,Abdur Raheem Kidwai,"Kidwai, Abdur Raheem",,"=""""","=""""",2.0,Jaico Publishing House,Kindle Edition,184,2014,2014,2021/01/02,2020/12/29,,,read,,,,1,0
25541028,"Elon Musk: Tesla, SpaceX, and the Quest for a Fantastic Future",Ashlee Vance,"Vance, Ashlee",,"=""0062301233""","=""9780062301239""",2.0,Ecco,Hardcover,392,2015,2015,2017/01/31,2019/01/18,,,read,,,,1,0
6326920,"The Accidental Billionaires: The Founding of Facebook, a Tale of Sex, Money, Genius, and Betrayal",Ben Mezrich,"Mezrich, Ben",,"=""0385529376""","=""9780385529372""",3.0,Doubleday,Hardcover,255,2009,2009,2010/04/20,2019/01/18,,,read,,,,1,0
28676,American Psycho,Bret Easton Ellis,"Ellis, Bret Easton",,"=""0679735771""","=""9780679735779""",4.0,Vintage Contemporaries,Paperback,399,1991,1991,2006/01/31,2021/01/03,,,read,,,,1,0
732562,The Rime of the Ancient Mariner,Samuel Taylor Coleridge,"Coleridge, Samuel Taylor",Gustave Doré,"=""0486223051""","=""9780486223056""",4.0,Dover Publications,Paperback,77,1970,1798,2005/01/31,2021/03/14,,,read,,,,1,0
58547,Journals,Kurt Cobain,"Cobain, Kurt",,"=""157322359X""","=""9781573223591""",3.0,Riverhead Books,Hardcover,304,2003,2002,2019/01/22,2019/01/18,,,read,,,,1,0
609494,The Young Visiters,Daisy Ashford,"Ashford, Daisy",,"=""0897333659""","=""9780897333658""",3.0,Academy Chicago Publishers,Hardcover,105,2005,1919,2023/08/01,2023/07/30,,,read,Nine-year-olds are more self-aware than I assumed.,,,1,0
13838495,Usable Usability: Simple Steps for Making Stuff Better,Eric L. Reiss,"Reiss, Eric L.",,"=""1118185471""","=""9781118185476""",4.0,Wiley,Paperback,256,2012,2012,,2019/01/18,,,read,,,,1,0
20775791,Viy (English and Russian Language Edition),Nikolai Gogol,"Gogol, Nikolai",,"=""1910150479""","=""9781910150474""",3.0,Sovereign,Paperback,98,2014,1835,2023/10/06,2023/08/25,,,read,Folk horror with a cosy dash of vvitchy cottagecore.,,,1,0
29437517,Seven Hanged,Leonid Andreyev,"Andreyev, Leonid",Anthony Briggs,"=""024125213X""","=""9780241252130""",0,Penguin UK,Paperback,128,2016,1908,,2023/06/22,to-read,to-read (#210),to-read,,,,0,0
123656,The Book of Lies,Aleister Crowley,"Crowley, Aleister",,"=""0877285160""","=""9780877285168""",1.0,Samuel Weiser,Paperback,196,2010,1913,2023/05/27,2022/10/25,,,read,Reads like an edgy goth teen’s Tumblr.,,,1,0
251018,Moscow to the End of the Line,Venedikt Erofeev,"Erofeev, Venedikt",H.W. Tjalsma,"=""0445047178""","=""9780445047174""",3.0,Popular Library,Paperback,191,1982,1969,2023/06/22,2023/06/14,,,read,"Sure, the Moscow metro sounds treacherous, but have you even taken the Queensland Rail to Beenleigh after a few beers?",,,1,0
17986414,The Metamorphosis,Franz Kafka,"Kafka, Franz","Susan Bernofsky, David Cronenberg","=""0393347095""","=""9780393347098""",4.0,W. W. Norton & Company,Paperback,126,2014,1915,2023/01/01,2022/12/20,,,read,Bugmen can’t be chucking sickies.,,,1,0
82965,The Butcher Boy,Patrick McCabe,"McCabe, Patrick",,"=""0385312377""","=""9780385312370""",0,Delta,Paperback,231,1994,1992,,2023/08/29,to-read,to-read (#209),to-read,,,,0,0
65974472,Don't Let Them Get You Down,Philip Fracassi,"Fracassi, Philip",,"=""3949341277""","=""9783949341274""",0,Zagava Press,Hardcover,179,2022,,,2023/08/29,to-read,to-read (#208),to-read,,,,0,0
15829603,The House of the Dead,Fyodor Dostoevsky,"Dostoevsky, Fyodor",David McDuff,"=""""","=""""",0,Penguin,Paperback,366,2003,1862,,2023/08/25,to-read,to-read (#207),to-read,,,,0,0
24943865,The Nose,Nikolai Gogol,"Gogol, Nikolai",Ronald Wilks,"=""""","=""""",3.0,Penguin Classics,Kindle Edition,59,2015,1836,2023/06/30,2022/08/02,,,read,No one knows what The Nose knows as a nose knows no prose.,,,1,0
2085056,The Willows,Algernon Blackwood,"Blackwood, Algernon",,"=""155742537X""","=""9781557425379""",3.0,Wildside Press,Hardcover,108,2024,1907,2023/07/20,2023/07/12,,,read,Boats ‘n horrors,,,1,0
49090884,Tender Is the Flesh,Agustina Bazterrica,"Bazterrica, Agustina",Sarah Moses,"=""""","=""""",0,Scribner,Paperback,209,2020,2017,,2023/08/20,to-read,to-read (#206),to-read,,,,0,0
193265,Something At The Window Is Scratching,Roman Dirge,"Dirge, Roman",,"=""0943151090""","=""9780943151090""",3.0,Slave Labor Publications,Paperback,120,1998,1998,2023/03/04,2023/08/11,,,read,,,,1,0
1366856,"The Murders in the Rue Morgue (C. Auguste Dupin, #1)",Edgar Allan Poe,"Poe, Edgar Allan",,"=""0146001915""","=""9780146001918""",4.0,Penguin,Paperback,64,1996,1841,,2023/07/29,,,read,,,,1,0
8556291,Cities for People,Jan Gehl,"Gehl, Jan",,"=""""","=""""",0,Island Press,Hardcover,285,2010,2010,,2021/06/19,to-read,to-read (#48),to-read,,,,0,0
166997,Stoner,John  Williams,"Williams, John",John McGahern,"=""1590171993""","=""9781590171998""",0,New York Review Books,Paperback,292,2006,1965,,2023/07/15,to-read,to-read (#205),to-read,,,,0,0
52373,Regarding the Pain of Others,Susan Sontag,"Sontag, Susan",,"=""0141012374""","=""9780141012377""",0,Penguin Books,Paperback,117,2004,2003,,2023/07/13,to-read,to-read (#204),to-read,,,,0,0
636226,Asylum Piece,Anna Kavan,"Kavan, Anna",,"=""0720611237""","=""9780720611236""",0,Peter Owen Publishers,Paperback,212,2001,1940,,2023/07/12,to-read,to-read (#203),to-read,,,,0,0
13112139,"Diogenes the Cynic: Sayings and Anecdotes, with Other Popular Moralists",Diogenes of Sinope,"Sinope, Diogenes of",Robin Hard,"=""0199589240""","=""9780199589241""",0,Oxford University Press,Paperback,259,2012,2012,,2023/07/12,to-read,to-read (#202),to-read,,,,0,0
9922,Summer Crossing,Truman Capote,"Capote, Truman",,"=""0812975936""","=""9780812975932""",0,Random House Publishing Group,Paperback,160,2006,2005,,2023/07/07,to-read,to-read (#201),to-read,,,,0,0
30164694,The Man Who Watched the Trains Go By,Georges Simenon,"Simenon, Georges",Siân Reynolds,"=""0241258553""","=""9780241258552""",0,Penguin Books,Paperback,251,2017,1938,,2023/07/01,to-read,to-read (#200),to-read,,,,0,0
54444,The Diary of a Nobody,George Grossmith,"Grossmith, George","Weedon Grossmith, Ed Glinert","=""0140437320""","=""9780140437324""",0,Penguin Classic,Paperback,217,1999,1892,,2023/07/01,to-read,to-read (#199),to-read,,,,0,0
54633136,A Year with Swollen Appendices,Brian Eno,"Eno, Brian",,"=""0571364616""","=""9780571364619""",5.0,Faber & Faber,Hardcover,480,2021,1996,2022/09/20,2022/08/26,favourite-memoirs,favourite-memoirs (#4),read,,,,1,0
53236603,Three Minutes for a Dog: My Life in an Iron Lung,Paul R. Alexander,"Alexander, Paul R.",Norman Depaul Brown,"=""1525525328""","=""9781525525322""",0,FriesenPress,Paperback,156,2020,,,2023/06/29,to-read,to-read (#198),to-read,,,,0,0
501415,On the Marble Cliffs,Ernst Jünger,"Jünger, Ernst","Stuart Hood, George Steiner","=""0140029850""","=""9780140029857""",0,Penguin Books,Paperback,128,1984,1939,,2023/06/29,to-read,to-read (#197),to-read,,,,0,0
169439,Sanshirō,Natsume Sōseki,"Sōseki, Natsume",Jay Rubin,"=""1929280106""","=""9781929280100""",0,Penguin Classics,Paperback,248,2009,1908,,2023/06/29,to-read,to-read (#196),to-read,,,,0,0
330077,The Maimed,Hermann Ungar,"Ungar, Hermann","Pavel Růt, Kevin Blahut","=""8086264130""","=""9788086264134""",0,Twisted Spoon Press,Paperback,220,2002,1922,,2023/06/28,to-read,to-read (#195),to-read,,,,0,0
764953,The Piano Teacher,Elfriede Jelinek,"Jelinek, Elfriede",Joachim Neugroschel,"=""1852427507""","=""9781852427504""",0,Serpent's Tail,Paperback,288,2002,1983,,2023/06/23,to-read,to-read (#194),to-read,,,,0,0
6194499,The History of a Town,Mikhail Saltykov-Shchedrin,"Saltykov-Shchedrin, Mikhail",Paul Foote,"=""0902672398""","=""9780902672390""",0,Willem A. Meeuws (Oxford),Hardcover,192,1980,1870,,2023/06/22,to-read,to-read (#193),to-read,,,,0,0
6094772,Fathers and Sons,Ivan Turgenev,"Turgenev, Ivan","Peter Carson, Rosamund Bartlett, Tatyana Tolstaya","=""014144133X""","=""9780141441337""",0,Penguin,Paperback,200,2009,1862,,2023/06/20,to-read,to-read (#192),to-read,,,,0,0
57876868,Things Have Gotten Worse Since We Last Spoke,Eric LaRocca,"LaRocca, Eric",,"=""1951658132""","=""""",0,Weirdpunk Books,Kindle Edition,120,2021,2021,,2023/06/18,to-read,to-read (#191),to-read,,,,0,0
120586,Solitude: A Return to the Self,Anthony Storr,"Storr, Anthony",,"=""0743280741""","=""9780743280747""",0,Free Press,Paperback,216,2005,1988,,2023/06/17,to-read,to-read (#190),to-read,,,,0,0
219601,The Tenant,Roland Topor,"Topor, Roland","Francis K. Price, Thomas Ligotti","=""193361806X""","=""9781933618067""",0,Millipede Press,Paperback,216,2006,1964,,2023/06/17,to-read,to-read (#189),to-read,,,,0,0
1007891,The Melancholy of Resistance,László Krasznahorkai,"Krasznahorkai, László",George Szirtes,"=""0704380099""","=""9780704380097""",0,Quartet Books,Paperback,288,2000,1989,,2023/06/16,to-read,to-read (#188),to-read,,,,0,0
221597,Salammbo,Gustave Flaubert,"Flaubert, Gustave","Mahlon Blaine, A.J. Krailsheimer, Ray Redman","=""0140443282""","=""9780140443288""",0,Penguin Classics,Paperback,288,1977,1862,,2023/04/27,to-read,to-read (#187),to-read,,,,0,0
1428604,Growth of the Soil,Knut Hamsun,"Hamsun, Knut","Sverre Lyngstad, Brad Leithauser","=""0143105108""","=""9780143105107""",0,Penguin Classics,Paperback,352,2007,1917,,2023/06/16,to-read,to-read (#186),to-read,,,,0,0
24611567,Songs of a Dead Dreamer and Grimscribe,Thomas Ligotti,"Ligotti, Thomas",Jeff Vandermeer,"=""0143107763""","=""9780143107767""",0,Penguin Books,Paperback,448,2015,2015,,2023/06/16,to-read,to-read (#185),to-read,,,,0,0
9999,The Box Man,Kōbō Abe,"Abe, Kōbō",E. Dale Saunders,"=""0375726519""","=""9780375726514""",0,Vintage,Paperback,178,2001,1973,,2023/06/13,to-read,to-read (#184),to-read,,,,0,0
39333840,Almost Zero,Natan Dubovitsky,"Dubovitsky, Natan","Nino Gojiashvili, Nastya Valentine, Vladislav Surkov","=""0991332172""","=""9780991332175""",0,Inpatient Press,Paperback,124,2017,2009,,2022/08/17,to-read,to-read (#123),to-read,,,,0,0
27253494,Woman at Point Zero,Nawal El Saadawi,"Saadawi, Nawal El",,"=""1783607432""","=""9781783607433""",0,Zed Books,Kindle Edition,158,2015,1975,,2022/12/28,to-read,to-read (#144),to-read,,,,0,0
43093502,"Finally, Some Good News",Delicious Tacos,"Tacos, Delicious",,"=""""","=""""",0,,Kindle Edition,162,2018,2018,,2023/06/11,to-read,to-read (#183),to-read,,,,0,0
43035,White Fang,Jack London,"London, Jack",K.A. Applegate,"=""""","=""""",0,Scholastic Paperbacks,Paperback,252,2001,1906,,2023/06/11,to-read,to-read (#182),to-read,,,,0,0
52267741,Piaget’s Last Fear,Vladimir  Jankovic,"Jankovic, Vladimir",,"=""""","=""""",0,,Kindle Edition,236,2019,2018,,2023/06/03,to-read,to-read (#181),to-read,,,,0,0
7994502,The Parasites,Daphne du Maurier,"Maurier, Daphne du",,"=""""","=""""",0,Penguin,Paperback,318,1966,1949,,2023/06/01,to-read,to-read (#180),to-read,,,,0,0
15842784,"Bandit Algorithms for Website Optimization: Developing, Deploying, and Debugging",John Myles White,"White, John Myles",,"=""1449341330""","=""9781449341336""",3.0,O'Reilly Media,Paperback,88,2013,2012,2023/05/29,2023/05/27,,,read,,,,1,0
32616919,How to Bomb the U.S. Gov't,Sam Hyde,"Hyde, Sam","Nick Rochefort, Charls Carroll","=""""","=""""",3.0,,Paperback,744,,,2023/03/28,2022/08/17,,,read,,,,1,0
41392893,"Bayesian Statistics the Fun Way: Understanding Statistics and Probability with Star Wars, LEGO, and Rubber Ducks",Will Kurt,"Kurt, Will",,"=""1593279566""","=""9781593279561""",3.0,No Starch Press,Paperback,256,2019,,2023/05/27,2020/09/01,,,read,,,,1,0
57402596,"Electric Wizards: A Tapestry of Heavy Music, 1968 to the Present",J.R. Moores,"Moores, J.R.",,"=""1789144485""","=""9781789144482""",0,Reaktion Books,Hardcover,480,2021,,,2023/05/24,to-read,to-read (#179),to-read,,,,0,0
15807020,The Spire,William Golding,"Golding, William",,"=""""","=""""",0,Faber and Faber,Paperback,223,1978,1964,,2022/12/27,to-read,to-read (#142),to-read,,,,0,0
510493,Muscle: Confessions of an Unlikely Bodybuilder,Samuel Wilson Fussell,"Fussell, Samuel Wilson",,"=""0380717638""","=""9780380717637""",0,William Morrow Paperbacks,Paperback,264,1992,1991,,2023/05/03,to-read,to-read (#178),to-read,,,,0,0
210257,The Damned,Joris-Karl Huysmans,"Huysmans, Joris-Karl",Terry Hale,"=""0140447679""","=""9780140447675""",0,Penguin Classics,Paperback,320,2002,1891,,2023/04/27,to-read,to-read (#177),to-read,,,,0,0
52950915,Die with Zero: Getting All You Can from Your Money and Your Life,Bill  Perkins,"Perkins, Bill",,"=""0358099765""","=""9780358099765""",3.0,Houghton Mifflin Harcourt,Hardcover,225,2020,2020,2023/04/23,2023/01/29,,,read,,,,1,0
20204721,iWoz: Computer Geek to Cult Icon,Steve Wozniak,"Wozniak, Steve",Gina Smith,"=""""","=""""",0,W. W. Norton & Company,Kindle Edition,330,2007,2006,,2023/04/10,to-read,to-read (#176),to-read,,,,0,0
411513,"4,000 Days: My Life and Survival in a Bangkok Prison",Warren Fellows,"Fellows, Warren",,"=""0312182961""","=""9780312182960""",5.0,St. Martin's Press,Hardcover,224,1998,1998,2023/04/03,2023/03/27,favourite-memoirs,favourite-memoirs (#8),read,,,,1,0
58871,Dirty Blonde: The Diaries of Courtney Love,Courtney Love,"Love, Courtney",Ava Stander,"=""0865479593""","=""9780865479593""",3.0,Faber & Faber,Hardcover,304,2006,2006,2023/03/27,2023/03/12,,,read,,,,1,0
4502660,Bonjour Tristesse / A Certain Smile,Françoise Sagan,"Sagan, Françoise",,"=""0141442301""","=""9780141442303""",0,Penguin Books Ltd,Paperback,213,2009,1956,,2023/03/24,to-read,to-read (#175),to-read,,,,0,0
24503421,The Roaring Silence: John Cage: A Life,David Revill,"Revill, David",,"=""""","=""""",0,Arcade,Kindle Edition,401,2014,1992,,2023/03/21,to-read,to-read (#174),to-read,,,,0,0
40938960,Lady Sings the Blues,Billie Holiday,"Holiday, Billie",,"=""""","=""""",5.0,,Unknown Binding,240,,1956,2023/03/21,2023/03/12,favourite-memoirs,favourite-memoirs (#7),read,,,,1,0
20325702,Björk,Björk,"Björk, Björk",,"=""""","=""""",0,Bloomsbury USA,Paperback,192,2001,2001,,2023/03/10,to-read,to-read (#171),to-read,,,,0,0
22312927,The Murderer,Georges Simenon,"Simenon, Georges",,"=""""","=""""",0,Penguin Books,Paperback,127,1935,1937,,2023/03/12,to-read,to-read (#173),to-read,,,,0,0
59241078,My Annihilation,Fuminori Nakamura,"Nakamura, Fuminori",Sam Bett,"=""1641292725""","=""9781641292726""",0,Soho Crime,Hardcover,264,2022,2016,,2023/03/12,to-read,to-read (#172),to-read,,,,0,0
17063380,Composing Ambiguity: The Early Music of Morton Feldman,Alistair Noble,"Noble, Alistair",,"=""140945164X""","=""9781409451648""",0,Routledge,Hardcover,228,2013,2013,,2023/03/07,to-read,to-read (#170),to-read,,,,0,0
305407,After the Funeral: The Posthumous Adventures of Famous Corpses,Edwin Murphy,"Murphy, Edwin",,"=""0760709246""","=""9780760709245""",0,Barnes & Noble,Hardcover,244,1998,1995,,2023/03/04,to-read,to-read (#169),to-read,,,,0,0
36664088,Slouching Towards Bethlehem,Joan Didion,"Didion, Joan",,"=""0008284644""","=""9780008284640""",0,4th Estate,Paperback,256,2017,1968,,2023/03/02,to-read,to-read (#168),to-read,,,,0,0
55123271,"From Snow to Ash: Solitude, soul-searching and survival on Australia's toughest hiking trail",Anthony Sharwood,"Sharwood, Anthony",,"=""0733645291""","=""9780733645297""",0,Hachette Australia,Kindle Edition,219,2020,,,2023/02/20,to-read,to-read (#167),to-read,,,,0,0
865238,Touching the Void,Joe Simpson,"Simpson, Joe",,"=""0099771012""","=""9780099771012""",0,Vintage Books,Paperback,224,1998,1988,,2023/01/05,to-read,to-read (#166),to-read,,,,0,0
862831,The Formation of Hell: Death and Retribution in the Ancient and Early Christian Worlds,Alan E. Bernstein,"Bernstein, Alan E.",,"=""0801481317""","=""9780801481314""",0,Cornell University Press,Paperback,408,1996,1993,,2023/03/02,to-read,to-read (#165),to-read,,,,0,0
13529055,Mortality,Christopher Hitchens,"Hitchens, Christopher",,"=""1455502758""","=""9781455502752""",0,Grand Central Publishing,Hardcover,104,2012,2012,,2023/02/14,to-read,to-read (#164),to-read,,,,0,0
898377,Chopper,Mark Brandon Read,"Read, Mark Brandon",,"=""1904034144""","=""9781904034148""",0,John Blake,Paperback,282,2002,1991,,2023/02/09,to-read,to-read (#162),to-read,,,,0,0
44612965,Out of the Silence: After the Crash,Eduardo Strauch Urioste,"Urioste, Eduardo Strauch","Mireya Soriano, Jennie Erikson","=""1542042941""","=""9781542042949""",0,Amazon Crossing,Kindle Edition,172,2019,2012,,2023/02/03,to-read,to-read (#161),to-read,,,,0,0
928804,The Soul of a Tree: A Master Woodworker's Reflections,George Nakashima,"Nakashima, George",,"=""0870119036""","=""9780870119033""",5.0,Kodansha,Paperback,224,1988,1981,2023/02/01,2023/01/08,favourite-memoirs,favourite-memoirs (#6),read,,,,1,0
2545618,The Mountain of My Fear,David  Roberts,"Roberts, David",,"=""0814901921""","=""9780814901922""",0,Vanguard Press,Hardcover,157,1968,2012,,2023/01/17,to-read,to-read (#160),to-read,,,,0,0
34089799,Eat Me (Wellcome Collection),Bill Schutt,"Schutt, Bill",Patricia Wynne,"=""1781253978""","=""9781781253977""",0,PROFILE BOOKS,Hardcover,288,2017,2017,,2023/01/15,to-read,to-read (#159),to-read,,,,0,0
31453923,Björnen,William Faulkner,"Faulkner, William",Olov Jonason,"=""""","=""""",0,Aldus/Bonniers,Paperback,144,1964,1942,,2023/01/14,to-read,to-read (#158),to-read,,,,0,0
374523,She (Penguin Classics),H. Rider Haggard,"Haggard, H. Rider",Patrick Brantlinger,"=""0140437630""","=""9780140437638""",0,Penguin Classics,Paperback,326,2001,1887,,2023/01/14,to-read,to-read (#157),to-read,,,,0,0
2479687,The Australian Ugliness,Robin Boyd,"Boyd, Robin",,"=""""","=""9781921656224""",0,Penguin Books Australia Ltd,Paperback,304,2010,1960,,2023/01/10,to-read,to-read (#156),to-read,,,,0,0
323661,Victoria (Penguin Classics),Knut Hamsun,"Hamsun, Knut",Sverre Lyngstad,"=""0143039377""","=""9780143039372""",0,Penguin Publishing Group,Paperback,122,2005,1898,,2023/01/07,to-read,to-read (#155),to-read,,,,0,0
32584,Mysteries,Knut Hamsun,"Hamsun, Knut",Sverre Lyngstad,"=""0141186186""","=""9780141186184""",0,Penguin Publishing Group,Paperback,313,2001,1892,,2023/01/07,to-read,to-read (#154),to-read,,,,0,0
924804,The Werewolf of Paris,Guy Endore,"Endore, Guy",S. Guy Endore,"=""0806512873""","=""9780806512877""",0,Citadel Pr,Paperback,223,1992,1933,,2023/01/07,to-read,to-read (#153),to-read,,,,0,0
8912173,The Fall,Albert Camus,"Camus, Albert",Hamish Hamilton,"=""""","=""""",0,Penguin,Paperback,107,1966,1956,,2021/01/04,to-read,to-read (#27),to-read,,,,0,0
70241,Crash,J.G. Ballard,"Ballard, J.G.",,"=""0312420331""","=""9780312420338""",0,Picador,Paperback,224,2001,1973,,2023/01/04,to-read,to-read (#152),to-read,,,,0,0
179779,An Exorcist Tells His Story,Gabriele Amorth,"Amorth, Gabriele",,"=""0898707102""","=""9780898707106""",5.0,Ignatius Press,Paperback,210,1999,1990,2023/01/04,2022/01/31,favourite-memoirs,favourite-memoirs (#5),read,,,,1,0
23791,Ward No. 6 and Other Stories,Anton Chekhov,"Chekhov, Anton","Constance Garnett, David Plante","=""1593080034""","=""9781593080037""",0,Barnes & Noble Classics,Paperback,400,2003,1892,,2023/01/02,to-read,to-read (#151),to-read,,,,0,0
29034,Twelve Angry Men,Reginald Rose,"Rose, Reginald",David Mamet,"=""0143104403""","=""9780143104407""",0,Penguin Classics,Paperback,96,2006,1954,,2023/01/02,to-read,to-read (#150),to-read,,,,0,0
74402,The Fur Hat,Vladimir Voinovich,"Voinovich, Vladimir",Susan Brownsberger,"=""0156340305""","=""9780156340304""",0,HarperVia,Paperback,132,1991,1988,,2023/01/01,to-read,to-read (#149),to-read,,,,0,0
19510,Essays and Aphorisms,Arthur Schopenhauer,"Schopenhauer, Arthur",R.J. Hollingdale,"=""0140442278""","=""9780140442274""",0,Penguin Classics,Paperback,240,1973,1851,,2023/01/01,to-read,to-read (#148),to-read,,,,0,0
129877,The Guide,R.K. Narayan,"Narayan, R.K.",Michael Gorra,"=""0143039644""","=""9780143039648""",0,Penguin Classics,Paperback,224,2006,1958,,2022/12/31,to-read,to-read (#147),to-read,,,,0,0
24936994,Despair,Vladimir Nabokov,"Nabokov, Vladimir",John     Holmes,"=""""","=""""",0,Panther,Paperback,205,1969,1934,,2022/12/31,to-read,to-read (#146),to-read,,,,0,0
427354,Venus in Furs,Leopold von Sacher-Masoch,"Sacher-Masoch, Leopold von","Joachim Neugroschel, Larry Wolff","=""0140447814""","=""9780140447811""",0,Penguin Classics,Paperback,160,2000,1870,,2022/12/29,to-read,to-read (#145),to-read,,,,0,0
141352,A Hunger Artist (Short Prose of Franz Kafka),Franz Kafka,"Kafka, Franz","Helen Vlcnovska, Kevin Blahut","=""8090217117""","=""9788090217119""",0,Twisted Spoon Press,Hardcover,84,1996,1924,,2022/12/27,to-read,to-read (#143),to-read,,,,0,0
22238752,Tending the Epicurean Garden,Hiram Crespo,"Crespo, Hiram",,"=""0931779537""","=""9780931779534""",0,Humanist Press,Paperback,196,2014,2014,,2022/12/26,to-read,to-read (#141),to-read,,,,0,0
1049635,The Second Sin,Thomas Szasz,"Szasz, Thomas",,"=""0710077580""","=""9780710077585""",0,Routledge & Kegan Paul Ltd,Hardcover,121,1973,1973,,2022/12/20,to-read,to-read (#140),to-read,,,,0,0
28381,Dead Souls,Nikolai Gogol,"Gogol, Nikolai",Robert A. Maguire,"=""0140448071""","=""9780140448078""",0,Penguin Classics,Paperback,464,2004,1842,,2022/12/19,to-read,to-read (#139),to-read,,,,0,0
398621,The Eyes of the Skin: Architecture and the Senses,Juhani Pallasmaa,"Pallasmaa, Juhani",,"=""0470015780""","=""9780470015780""",2.0,John Wiley and Sons,Paperback,80,2005,1996,2022/12/16,2022/08/05,,,read,,,,1,0
57331832,The Pocket Epicurean,John   Sellars,"Sellars, John",,"=""022679864X""","=""9780226798646""",0,University of Chicago Press,Hardcover,126,2021,2021,,2022/12/14,to-read,to-read (#138),to-read,,,,0,0
59851730,"Faith, Hope and Carnage",Nick Cave,"Cave, Nick",Sean O'Hagan,"=""0374607370""","=""9780374607371""",4.0,"Farrar, Straus and Giroux",Hardcover,294,2022,2022,2022/12/11,2022/11/21,,,read,,,,1,0
51889992,Salomè,Oscar Wilde,"Wilde, Oscar",,"=""8807903318""","=""9788807903311""",2.0,Feltrinelli,Paperback,176,2019,1891,2022/12/12,2022/12/12,,,read,,,,1,0
38605195,Lying for Money: How Legendary Frauds Reveal the Workings of Our World,Dan Davies,"Davies, Dan",,"=""""","=""""",0,Profile Books,Kindle Edition,321,2018,2018,,2022/12/09,to-read,to-read (#137),to-read,,,,0,0
1103358,The Gnostic Gospels,Elaine Pagels,"Pagels, Elaine",,"=""0140134689""","=""9780140134681""",0,Penguin Books Ltd,Paperback,184,1990,1979,,2022/08/06,to-read,to-read (#116),to-read,,,,0,0
49111677,Stranger Than Kindness,Nick Cave,"Cave, Nick",,"=""1838852255""","=""9781838852252""",3.0,Canongate Books,Kindle Edition,257,2020,2020,2022/11/25,2022/11/23,,,read,,,,1,0
677904,The Nun,Denis Diderot,"Diderot, Denis",Leonard Tancock,"=""0140443002""","=""9780140443004""",0,Penguin Classics,Paperback,190,1974,1796,,2022/11/22,to-read,to-read (#136),to-read,,,,0,0
10401601,Whatever,Michel Houellebecq,"Houellebecq, Michel","Paul Hammond, Toby Litt","=""1846687845""","=""9781846687846""",0,Serpent's Tail,Paperback,156,2011,1994,,2022/08/30,to-read,to-read (#126),to-read,,,,0,0
1386874,A Moveable Feast,Ernest Hemingway,"Hemingway, Ernest",,"=""""","=""""",0,Bantam Books,Paperback,209,1964,1964,,2022/11/14,to-read,to-read (#135),to-read,,,,0,0
22173511,The Inferno,Henri Barbusse,"Barbusse, Henri",,"=""""","=""""",0,Forgotten Books,Paperback,252,2012,1908,,2022/11/12,to-read,to-read (#134),to-read,,,,0,0
13419553,Rashōmon and Seventeen Other Stories,Ryūnosuke Akutagawa,"Akutagawa, Ryūnosuke","Jay Rubin, Haruki Murakami","=""0140449701""","=""9780140449709""",3.0,Penguin,Paperback,320,2006,1927,2022/11/11,2022/11/05,,,read,,,,1,0
41549842,The Embrace of Buildings: A Second Look at Walkable City Neighborhoods,Lee Hardy,"Hardy, Lee",,"=""1937555267""","=""9781937555269""",0,Calvin College Press,Kindle Edition,129,2018,,,2020/10/05,to-read,to-read (#21),to-read,,,,0,0
64438,The Elementary Particles,Michel Houellebecq,"Houellebecq, Michel",,"=""0375407707""","=""9780375407703""",0,Knopf,Hardcover,272,2000,1998,,2021/08/21,to-read,to-read (#133),to-read,,,,0,0
7933650,The Catcher in the Rye,J.D. Salinger,"Salinger, J.D.",,"=""""","=""""",5.0,Penguin,Paperback,230,2010,1951,,2019/01/18,favourite-novels,favourite-novels (#1),read,Holden Caulfield rocked the iconic red cap long before MAGA or Fred Durst ever did.,,,1,0
35926476,Nobody Leaves: Impressions of Poland,Ryszard Kapuściński,"Kapuściński, Ryszard",,"=""0718192001""","=""9780718192006""",0,Penguin UK,Paperback,111,2019,1962,,2022/10/27,to-read,to-read (#132),to-read,,,,0,0
157409,Dream Story,Arthur Schnitzler,"Schnitzler, Arthur","J.M.Q. Davies, Frederic Raphael","=""0141182245""","=""9780141182247""",0,Penguin Classics,Paperback,117,1999,1926,,2022/10/20,to-read,to-read (#131),to-read,,,,0,0
1196642,"Pyrrho, His Antecedents, and His Legacy",Richard Arnot Home Bett,"Bett, Richard Arnot Home",,"=""0199256616""","=""9780199256617""",0,Oxford University Press,Paperback,280,2003,2000,,2022/10/15,to-read,to-read (#130),to-read,,,,0,0
36505464,Escape from Freedom,Erich Fromm,"Fromm, Erich",,"=""""","=""""",0,Open Road Media,Kindle Edition,309,2013,1941,,2022/10/14,to-read,to-read (#129),to-read,,,,0,0
9365198,The Suicide Club and Other Stories (Peacock Book),Robert Louis Stevenson,"Stevenson, Robert Louis",,"=""""","=""""",0,Penguin Books,Paperback,237,1963,,,2022/09/02,to-read,to-read (#128),to-read,,,,0,0
26530339,Words Without Music: A Memoir,Philip Glass,"Glass, Philip",,"=""1631491431""","=""9781631491436""",5.0,Liveright,Paperback,432,2016,2015,2022/08/27,2019/02/04,favourite-memoirs,favourite-memoirs (#3),read,,,,1,0
9683598,Dracula,Bram Stoker,"Stoker, Bram",,"=""""","=""""",5.0,Penguin Books Ltd,Paperback,454,2003,1897,2005/03/01,2019/01/18,favourite-novels,favourite-novels (#3),read,"Real estate lawyers like Jonathan Harker are the real bloodsuckers.<br/><br/>The true hero of this masterpiece is the original literary chad, Count Dracula.",,,1,0
36236124,Fight Club,Chuck Palahniuk,"Palahniuk, Chuck",,"=""0393355942""","=""9780393355949""",5.0,W. W. Norton & Company,Paperback,224,2018,1996,,2019/01/18,favourite-novels,favourite-novels (#2),read,I Am Jack's Colon.<br/>I Am Jack's Raging Bile Duct.<br/>I Am Jack's Cold Sweat.<br/>I Am Jack’s Five Star Review.,,,1,0
20863042,"Ghosts of My Life: Writings on Depression, Hauntology and Lost Futures",Mark Fisher,"Fisher, Mark",,"=""""","=""""",0,Zer0 Books,Paperback,232,2014,2014,,2022/08/24,to-read,to-read (#124),to-read,,,,0,0
17118898,Nineteen Eighty-Four,George Orwell,"Orwell, George",,"=""0141393041""","=""9780141393049""",4.0,Penguin Books,Paperback,355,2013,1949,,2019/01/18,,,read,,,,1,0
50032440,The Hobbit,J.R.R. Tolkien,"Tolkien, J.R.R.",,"=""""","=""""",4.0,Harper Collins,Paperback,285,1993,1937,2005/03/01,2021/01/23,,,read,,,,1,0
24220,"Alice's Adventures in Wonderland and Through the Looking-Glass (Alice's Adventures in Wonderland, #1-2)",Lewis Carroll,"Carroll, Lewis","John Tenniel, Hugh Haughton","=""0141439769""","=""9780141439761""",4.0,Penguin Books,Paperback,378,2003,1871,2005/03/01,2021/01/24,,,read,,,,1,0
545085,"Candide, or Optimism",Voltaire,"Voltaire, Voltaire","Theo Cuffe, Michael  Wood","=""0140455108""","=""9780140455106""",4.0,Penguin Classics,Paperback,155,2009,1759,2020/08/25,2020/08/24,,,read,,,,1,0
890935,The Master and Margarita,Mikhail Bulgakov,"Bulgakov, Mikhail","R Pevear, Volokhon","=""0140455469""","=""9780140455465""",0,Penguin Books,Paperback,412,2007,1925,,2022/08/16,to-read,to-read (#122),to-read,,,,0,0
228244,"This Way for the Gas, Ladies and Gentlemen",Tadeusz Borowski,"Borowski, Tadeusz","Barbara Vedder, Michael Kandel, Jan Kott","=""0140186247""","=""9780140186246""",5.0,Penguin,Paperback,180,1992,1946,2022/08/15,2022/07/12,,,read,,,,1,0
53239311,The Happiest Man on Earth,Eddie Jaku,"Jaku, Eddie",,"=""1760980080""","=""9781760980085""",0,Macmillan Australia,Hardcover,200,2021,2020,,2022/08/13,to-read,to-read (#121),to-read,,,,0,0
5787,The Aleph and Other Stories,Jorge Luis Borges,"Borges, Jorge Luis",Andrew Hurley,"=""0142437883""","=""9780142437889""",2.0,Penguin Classics,Paperback,210,2004,1945,2022/08/12,2022/08/07,,,read,,,,1,0
6174,Survival in Auschwitz,Primo Levi,"Levi, Primo",Philip Roth,"=""0684826801""","=""9780684826806""",0,University Press of Florida,Paperback,187,1996,1947,,2022/08/08,to-read,to-read (#120),to-read,,,,0,0
19393786,Reclaiming Epicurus (Paperback),Luke  Slattery,"Slattery, Luke",,"=""0143570439""","=""9780143570431""",4.0,Penguin Australia,Paperback,88,2013,2012,2022/03/17,2022/03/16,,,read,,,,1,0
12469234,Save the Last Dance for Satan,Nick Tosches,"Tosches, Nick",,"=""0965977730""","=""9780965977739""",0,Kicks Books,Paperback,128,2011,2011,,2022/08/07,to-read,to-read (#118),to-read,,,,0,0
132435,Learning from Las Vegas: The Forgotten Symbolism of Architectural Form,Robert Venturi,"Venturi, Robert","Steven Izenour, Denise Scott Brown","=""026272006X""","=""9780262720069""",0,MIT Press,Paperback,192,1977,1972,,2022/08/05,to-read,to-read (#115),to-read,,,,0,0
527823,The Contortionist's Handbook,Craig Clevenger,"Clevenger, Craig",,"=""1931561486""","=""9781931561488""",0,MacAdam/Cage Publishing,Paperback,199,2003,2002,,2022/08/04,to-read,to-read (#114),to-read,,,,0,0
903205,The Birds,Tarjei Vesaas,"Vesaas, Tarjei","Michael Barnes, Torbjorn Stoverud","=""0720611431""","=""9780720611434""",0,Peter Owen Publishers,Paperback,234,2002,1957,,2022/08/04,to-read,to-read (#113),to-read,,,,0,0
24612020,The Case Against Satan,Ray Russell,"Russell, Ray",Laird Barron,"=""0143107275""","=""9780143107279""",0,Penguin Classics,Paperback,140,2015,1962,,2022/08/01,to-read,to-read (#112),to-read,,,,0,0
26196980,The Man in the High Castle,Philip K. Dick,"Dick, Philip K.",,"=""0241964261""","=""9780241964262""",0,Penguin Books,ebook,272,2012,1962,,2020/09/01,to-read,to-read (#18),to-read,,,,0,0
15775156,The Kreutzer Sonata,Leo Tolstoy,"Tolstoy, Leo",,"=""""","=""""",0,,Unknown Binding,144,,1889,,2022/06/17,to-read,to-read (#88),to-read,,,,0,0
11376671,The Strange Case of Dr. Jekyll And Mr. Hyde,Robert Louis Stevenson,"Stevenson, Robert Louis",,"=""""","=""""",0,,Kindle Edition,139,2011,1886,,2022/07/28,to-read,to-read (#107),to-read,,,,0,0
794501,De Anima (On the Soul),Aristotle,"Aristotle, Aristotle",Hugh Lawson-Tancred,"=""0140444718""","=""9780140444711""",3.0,Penguin Books ,Paperback,254,2004,-350,2022/02/16,2022/01/26,,,read,,,,1,0
59147138,The Novelist,Jordan Castro,"Castro, Jordan",,"=""1593767137""","=""9781593767136""",0,Soft Skull,Hardcover,196,2022,2022,,2022/07/30,to-read,to-read (#111),to-read,,,,0,0
5950236,Night,Elie Wiesel,"Wiesel, Elie",,"=""0141038993""","=""9780141038995""",5.0,Penguin Books,Paperback,145,2008,1956,2021/01/11,2019/01/18,,,read,,,,1,0
25652823,Tragic Design: The True Impact of Bad Design and How to Fix It,Jonathan Shariat,"Shariat, Jonathan",,"=""149192361X""","=""9781491923610""",0,O'Reilly Media,Paperback,218,2017,2016,,2021/01/28,to-read,to-read (#110),to-read,,,,0,0
5197,A Lesson Before Dying,Ernest J. Gaines,"Gaines, Ernest J.",,"=""0375702709""","=""9780375702709""",0,Vintage,Paperback,256,1993,1993,,2022/07/28,to-read,to-read (#109),to-read,,,,0,0
501635,"Nip the Buds, Shoot the Kids",Kenzaburō Ōe,"Ōe, Kenzaburō","Paul St. John Mackintosh, Maki Sugiyama","=""0802134637""","=""9780802134639""",0,Grove Press,Paperback,189,1996,1958,,2022/07/28,to-read,to-read (#108),to-read,,,,0,0
24965,Fear and Trembling,Søren Kierkegaard,"Kierkegaard, Søren",Alastair Hannay,"=""0143037579""","=""9780143037576""",0,Penguin Books,Paperback,152,2006,1843,,2022/07/25,to-read,to-read (#106),to-read,,,,0,0
6553843,Hard Rain Falling,Don Carpenter,"Carpenter, Don",George P. Pelecanos,"=""1590173244""","=""9781590173244""",0,NYRB Classics,Paperback,308,2009,1966,,2022/07/25,to-read,to-read (#105),to-read,,,,0,0
479356,Ecce Homo,Friedrich Nietzsche,"Nietzsche, Friedrich","R.J. Hollingdale, Michael Tanner","=""0140445153""","=""9780140445152""",0,Penguin,Paperback,144,1992,1908,,2022/07/25,to-read,to-read (#103),to-read,,,,0,0
9998,The Woman in the Dunes,Kōbō Abe,"Abe, Kōbō","Machi Abe, E. Dale Saunders","=""0679733787""","=""9780679733782""",0,Vintage,Paperback,241,1991,1962,,2022/07/25,to-read,to-read (#102),to-read,,,,0,0
772474,Captain Blood,Rafael Sabatini,"Sabatini, Rafael",Gary Hoppenstand,"=""0142180106""","=""9780142180105""",0,Penguin Classics,Paperback,331,2003,1922,,2022/07/25,to-read,to-read (#101),to-read,,,,0,0
35286951,Leaving Las Vegas,John  O'Brien,"O'Brien, John",,"=""1611855217""","=""9781611855210""",0,Grove Press / Atlantic Monthly Press,Paperback,192,2017,1990,,2022/07/24,to-read,to-read (#100),to-read,,,,0,0
24562556,Björk: Archives,Klaus Biesenbach,"Biesenbach, Klaus","Alex  Ross, Nicola Dibben, Björk, Sjón","=""0500291942""","=""9780500291948""",0,Thames & Hudson Ltd,Hardcover,192,2015,2014,,2022/07/23,to-read,to-read (#99),to-read,,,,0,0
14619281,Marcus Aurelius: A Guide for the Perplexed,William O. Stephens,"Stephens, William O.",,"=""1441125612""","=""9781441125613""",4.0,Continuum,Hardcover,208,2012,2011,2020/07/02,2020/07/02,,,read,,,,1,0
207000,Erik Satie (Critical Lives),Mary E. Davis,"Davis, Mary E.",,"=""1861893213""","=""9781861893215""",4.0,Reaktion Books,Paperback,175,2007,2007,2020/08/13,2020/07/19,,,read,,,,1,0
10144239,Examined Lives: From Socrates to Nietzsche,James  Miller,"Miller, James",,"=""1429957166""","=""9781429957168""",4.0,"Farrar, Straus and Giroux",Kindle Edition,432,2011,2011,2019/08/19,2019/02/23,,,read,,,,1,0
4069,Man's Search for Meaning,Viktor E. Frankl,"Frankl, Viktor E.","Harold S. Kushner, William J. Winslade, Ilse Lasch","=""080701429X""","=""9780807014295""",5.0,Beacon Press,Paperback,165,2006,1946,2020/11/12,2019/01/18,favourite-memoirs,favourite-memoirs (#2),read,,,,1,0
88269,Get in the Van: On the Road With Black Flag,Henry Rollins,"Rollins, Henry",,"=""1880985764""","=""9781880985762""",4.0,2.13.61,Paperback,303,2004,1994,2019/12/22,2019/01/18,favourite-memoirs,favourite-memoirs (#1),read,,,,1,0
29771111,People Cities: The Life and Legacy of Jan Gehl,Annie Matan,"Matan, Annie",Peter Newman,"=""1610917146""","=""9781610917148""",4.0,Island Press,Hardcover,192,2016,,2020/10/08,2020/10/05,,,read,,,,1,0
50275,Last Exit to Brooklyn,Hubert Selby Jr.,"Jr., Hubert Selby",Gilbert Sorrentino,"=""0747549923""","=""9780747549925""",0,Marion Boyars,Paperback,290,2000,1964,,2022/07/22,to-read,to-read (#98),to-read,,,,0,0
303561,The Rape of the Masters: How Political Correctness Sabotages Art,Roger Kimball,"Kimball, Roger",,"=""1594031215""","=""9781594031212""",0,Encounter Books,Paperback,200,2005,2003,,2022/07/21,to-read,to-read (#97),to-read,,,,0,0
529075,A Heart So White,Javier Marías,"Marías, Javier",Margaret Jull Costa,"=""0811215059""","=""9780811215053""",0,New Directions,Paperback,280,2002,1992,,2022/07/20,to-read,to-read (#96),to-read,,,,0,0
56760368,His Name was Death,Rafael Bernal,"Bernal, Rafael",Kit Schluter,"=""081123083X""","=""9780811230834""",0,New Directions,Paperback,144,2021,1947,,2022/07/20,to-read,to-read (#95),to-read,,,,0,0
460964,A Feast of Snakes,Harry Crews,"Crews, Harry",,"=""0689707150""","=""9780689707155""",0,Atheneum,Paperback,192,1976,1976,,2022/07/20,to-read,to-read (#94),to-read,,,,0,0
45999385,"Heliogabalus or, the Crowned Anarchist",Antonin Artaud,"Artaud, Antonin","Alexis Lykiard, Stephen Barber, Martin Bladh, Karolina Urbaniak","=""1916009115""","=""9781916009110""",2.0,Infinity Land Press ,Hardcover,196,2019,1934,2022/07/16,2022/07/16,,,read,,,,1,0
475965,Pornografia,Witold Gombrowicz,"Gombrowicz, Witold",Alastair Hamilton,"=""0714529885""","=""9780714529882""",0,Marion Boyars Publishers Ltd,Paperback,176,1994,1960,,2022/07/15,to-read,to-read (#93),to-read,,,,0,0
99794,The Golem,Gustav Meyrink,"Meyrink, Gustav","Mike   Mitchell, Carlo Mainoldi","=""1873982917""","=""9781873982914""",0,Dedalus,Paperback,264,2000,1915,,2022/07/15,to-read,to-read (#92),to-read,,,,0,0
790171,Kon-Tiki,Thor Heyerdahl,"Heyerdahl, Thor",,"=""0671726528""","=""9780671726522""",0,Rand McNally,Paperback,240,1990,1948,,2022/07/06,to-read,to-read (#91),to-read,,,,0,0
87577,A Confession and Other Religious Writings,Leo Tolstoy,"Tolstoy, Leo",Jane Kentish,"=""0140444734""","=""9780140444735""",0,Penguin Classics,Paperback,238,1988,1987,,2022/06/25,to-read,to-read (#90),to-read,,,,0,0
2282267,Professor Dowell's Head,Alexander Belyaev,"Belyaev, Alexander","Antonina W. Bouis, Theodore Sturgeon, Richard M. Powers","=""0025083708""","=""9780025083707""",0,Macmillan Publishing,Hardcover,157,1980,1925,,2022/01/17,to-read,to-read (#89),to-read,,,,0,0
594913,The Sorrows of Young Werther,Johann Wolfgang von Goethe,"Goethe, Johann Wolfgang von",Michael Hulse,"=""014044503X""","=""9780140445039""",0,Penguin Books,Paperback,164,1989,1774,,2022/05/21,to-read,to-read (#82),to-read,,,,0,0
41542069,Ennio Morricone: In His Own Words,Ennio Morricone,"Morricone, Ennio",Alessandro De Rosa,"=""0190681012""","=""9780190681012""",0,Oxford University Press,Hardcover,368,2019,2016,,2022/06/10,to-read,to-read (#87),to-read,,,,0,0
67141,Contempt,Alberto Moravia,"Moravia, Alberto","Tim Parks, Angus Davidson","=""1590171225""","=""9781590171226""",0,NYRB Classics,Paperback,251,2004,1954,,2022/06/09,to-read,to-read (#86),to-read,,,,0,0
135060,Hadji Murád,Leo Tolstoy,"Tolstoy, Leo","Aylmer Maude, Sasha Newborn, Raúl Bracho","=""1602060134""","=""9781602060135""",0,Cosimo Classics,Paperback,100,2006,1912,,2022/06/05,to-read,to-read (#85),to-read,,,,0,0
54082148,Harvestman: collected lyrics and poems,Steve Von Till,"Till, Steve Von",,"=""0998019925""","=""9780998019925""",0,Astrophil Press,Hardcover,76,2020,,,2022/05/28,to-read,to-read (#84),to-read,,,,0,0
180660,Sacred Geometry: Philosophy and Practice,Robert Lawlor,"Lawlor, Robert",,"=""0500810303""","=""9780500810309""",4.0,Thames & Hudson,Paperback,112,1982,1982,2022/05/21,2022/05/19,,,read,,,,1,0
2761,The Denial of Death,Ernest Becker,"Becker, Ernest",Sam Keen,"=""""","=""""",0,Free Press,Paperback,336,1997,1973,,2022/05/14,to-read,to-read (#81),to-read,,,,0,0
319464,White Line Fever: The Autobiography,Lemmy Kilmister,"Kilmister, Lemmy",Janiss Garza,"=""0806525908""","=""9780806525907""",0,Citadel,Paperback,306,2004,2002,,2022/05/01,to-read,to-read (#80),to-read,,,,0,0
10790499,Everybody Loves Our Town: An Oral History of Grunge,Mark Yarm,"Yarm, Mark",,"=""0307464431""","=""9780307464439""",0,Crown Archetype,Hardcover,592,2011,2011,,2022/05/01,to-read,to-read (#79),to-read,,,,0,0
52090,Eichmann in Jerusalem: A Report on the Banality of Evil,Hannah Arendt,"Arendt, Hannah",,"=""""","=""""",0,Penguin Classics,Paperback,312,2006,1963,,2022/03/28,to-read,to-read (#77),to-read,,,,0,0
29407772,Anecdotes of the Cynics,Robert F. Dobbin,"Dobbin, Robert F.",,"=""0241251486""","=""9780241251485""",3.0,Penguin Classics,Kindle Edition,62,2016,2016,2022/03/23,2022/03/22,,,read,,,,1,0
19661852,Fluent Forever: How to Learn Any Language Fast and Never Forget It,Gabriel Wyner,"Wyner, Gabriel",,"=""""","=""""",0,Harmony,Paperback,326,2014,2014,,2022/03/17,to-read,to-read (#76),to-read,,,,0,0
373363,Degenerate Art: The Fate of the Avant-Garde in Nazi Germany,Stephanie  Barron,"Barron, Stephanie","Los Angeles County Museum of Art, Peter W. Guenther, Christoph Zuschlag, George L. Mosse","=""0810936534""","=""9780810936539""",4.0,Harry N. Abrams,Hardcover,423,1991,1991,2022/03/11,2022/03/06,,,read,,,,1,0
5387987,A Clockwork Orange,Anthony Burgess,"Burgess, Anthony",,"=""0141037229""","=""9780141037226""",0,Penguin Group,Paperback,141,2008,1962,,2019/03/12,to-read,to-read (#11),to-read,,,,0,0
38180,On the Beach,Nevil Shute,"Shute, Nevil",,"=""""","=""""",0,House of Stratus Ltd,Paperback,296,2002,1957,,2022/03/05,to-read,to-read (#75),to-read,,,,0,0
18286341,Mansa Musa and the Empire of Mali,P. James Oliver,"Oliver, P. James",,"=""146805354X""","=""9781468053548""",3.0,CreateSpace Independent Publishing Platform,Paperback,128,2013,2013,2022/03/04,2021/08/12,,,read,,,,1,0
38434,Post Office,Charles Bukowski,"Bukowski, Charles",,"=""0061177571""","=""""",0,Ecco,Paperback,196,2002,1971,,2022/01/22,to-read,to-read (#74),to-read,,,,0,0
564318,The Thing on the Doorstep and Other Weird Stories,H.P. Lovecraft,"Lovecraft, H.P.",S.T. Joshi,"=""0142180033""","=""9780142180037""",4.0,Penguin Classics,Paperback,443,2001,1937,2022/03/05,2022/02/23,,,read,,,,1,0
26809595,A Few Days in Athens,Frances Wright,"Wright, Frances",Hiram Crespo,"=""""","=""""",0,,Kindle Edition,276,2015,1822,,2022/02/23,to-read,to-read (#73),to-read,,,,0,0
2284506,Howl and Other Poems,Allen Ginsberg,"Ginsberg, Allen",,"=""2267011867""","=""9782267011869""",3.0,Bourgois,Paperback,93,1993,1956,2022/02/19,2021/10/20,,,read,,,,1,0
23534,Love Is a Dog from Hell,Charles Bukowski,"Bukowski, Charles",,"=""0876853629""","=""9780876853627""",4.0,Ecco (An Imprint of HarperCollinsPublishers),Paperback,312,2003,1977,2022/01/31,2021/10/25,,,read,,,,1,0
10420795,"MetaMaus: A Look Inside a Modern Classic, Maus",Art Spiegelman,"Spiegelman, Art",,"=""037542394X""","=""9780375423949""",0,Pantheon,Hardcover,300,2011,2011,,2022/01/29,to-read,to-read (#72),to-read,,,,0,0
123063,Under the Skin,Michel Faber,"Faber, Michel",,"=""1841954802""","=""9781841954806""",0,Canongate Books Ltd,Paperback,296,2004,2000,,2022/01/04,to-read,to-read (#71),to-read,,,,0,0
54979228,Confessions of a Recovering Engineer: Transportation for a Strong Town,Charles L. Marohn Jr.,"Jr., Charles L. Marohn",,"=""1119699258""","=""9781119699255""",0,Wiley,Kindle Edition,258,2021,2021,,2021/11/20,to-read,to-read (#70),to-read,,,,0,0
9914,The Informers,Bret Easton Ellis,"Ellis, Bret Easton",,"=""0330339184""","=""9780330339186""",0,Picador,Paperback,240,2000,1994,,2021/11/03,to-read,to-read (#69),to-read,,,,0,0
527862,The Acid House,Irvine Welsh,"Welsh, Irvine",,"=""0393312801""","=""9780393312805""",0,W. W. Norton  Company,Paperback,289,1995,1994,,2021/11/03,to-read,to-read (#68),to-read,,,,0,0
99126,What to Listen for in Music,Aaron Copland,"Copland, Aaron","Alan Rich, William Schuman","=""0451528670""","=""9780451528674""",0,Signet Classics,Paperback,266,2002,1939,,2021/10/31,to-read,to-read (#67),to-read,,,,0,0
9104493,Nausea,Jean-Paul Sartre,"Sartre, Jean-Paul",,"=""0141194847""","=""9780141194844""",0,Penguin Books,Paperback,252,2010,1938,,2021/01/04,to-read,to-read (#28),to-read,,,,0,0
6965204,The Plague,Albert Camus,"Camus, Albert","Robin Buss, Tony Judt","=""0141045515""","=""9780141045511""",0,Penguin Group (Australia),Paperback,238,2009,1947,,2021/10/28,to-read,to-read (#66),to-read,,,,0,0
6943225,Junky,William S. Burroughs,"Burroughs, William S.",,"=""014104540X""","=""9780141045405""",0,Penguin Group (Australia),Paperback,158,2009,1953,,2021/01/25,to-read,to-read (#38),to-read,,,,0,0
22206,Lullaby,Chuck Palahniuk,"Palahniuk, Chuck",,"=""0099437961""","=""9780099437963""",0,Vintage,Paperback,260,2003,2002,,2021/10/25,to-read,to-read (#65),to-read,,,,0,0
399477,Clive Barker's Hellraiser: Collected Best I,D.G. Chichester,"Chichester, D.G.","Mike Mignola, Neil Gaiman, Alex Ross, Dwayne McDuffie, Gray Morrow, Sholly Fisch, Colleen Doran, Bunny Hampton-Mack, Scott Hampton, Del Stone Jr., Marc Hempel, Dave McKean, Doug Murray, Mark A. Nelson, Frank Lovece, Fred Vicarel, Malcolm Smith, Anna Miller, Paul Johnson, Tristan Shane, Bill Koeb, Dan Spiegle","=""0971024928""","=""9780971024922""",0,Checker Book Publishing Group,Paperback,232,2002,2002,,2021/10/25,to-read,to-read (#64),to-read,,,,0,0
44568597,The Satyricon and The Apocolocyntosis,Petronius,"Petronius, Petronius","Seneca, J.P. Sullivan","=""""","=""""",0,Penguin,Paperback,256,1986,66,,2021/10/23,to-read,to-read (#63),to-read,,,,0,0
9989436,Ethics for Architects: 50 Dilemmas of Professional Practice (Architecture Briefs),Thomas Fisher,"Fisher, Thomas",,"=""1568989466""","=""9781568989464""",0,Princeton Architectural Press,Paperback,144,2010,2010,,2021/10/11,to-read,to-read (#62),to-read,,,,0,0
141565,This Is Your Brain on Music,Daniel J. Levitin,"Levitin, Daniel J.",,"=""0525949690""","=""9780525949695""",0,Dutton Adult,Hardcover,314,2006,2006,,2021/10/04,to-read,to-read (#61),to-read,,,,0,0
12851913,Roadside Picnic,Arkady Strugatsky,"Strugatsky, Arkady","Boris Strugatsky, Olena Bormashenko, Ursula K. Le Guin","=""1613743416""","=""9781613743416""",0,Chicago Review Press,Paperback,209,2012,1972,,2021/07/31,to-read,to-read (#52),to-read,,,,0,0
95784,The Rape of Nanking: The Forgotten Holocaust of World War II,Iris Chang,"Chang, Iris",,"=""0140277447""","=""9780140277449""",0,Penguin Books,Paperback,290,1998,1997,,2021/09/30,to-read,to-read (#60),to-read,,,,0,0
333298,The Study of Orchestration,Samuel Adler,"Adler, Samuel",,"=""039397572X""","=""9780393975727""",0,W W Norton & Co Inc,Hardcover,839,2002,2002,,2021/09/30,to-read,to-read (#58),to-read,,,,0,0
28700,Falling Man,Don DeLillo,"DeLillo, Don",,"=""1416546022""","=""9781416546023""",0,Scribner,Hardcover,246,2007,2007,,2021/09/12,to-read,to-read (#57),to-read,,,,0,0
25614994,Fight Club 2,Chuck Palahniuk,"Palahniuk, Chuck","Cameron   Stewart, David W. Mack","=""1616559454""","=""9781616559458""",3.0,Dark Horse Books,Hardcover,276,2016,2015,2021/09/02,2021/09/01,,,read,,,,1,0
38333,Black Hole,Charles Burns,"Burns, Charles",,"=""037542380X""","=""9780375423802""",0,Pantheon,Hardcover,368,2005,2005,,2021/08/21,to-read,to-read (#56),to-read,,,,0,0
38212112,The Culture of Narcissism: American Life in An Age of Diminishing Expectations,Christopher Lasch,"Lasch, Christopher",,"=""0393356175""","=""9780393356175""",0,W. W. Norton & Company,Paperback,368,2018,1978,,2021/08/21,to-read,to-read (#55),to-read,,,,0,0
9551975,One Thing Led to Another: The Real Story,Mark Brandon Read,"Read, Mark Brandon",,"=""1405040467""","=""9781405040464""",0,Pan MacMillan Australia,Paperback,323,2010,2010,,2021/08/15,to-read,to-read (#54),to-read,,,,0,0
117566,On the Heights of Despair,Emil M. Cioran,"Cioran, Emil M.",Ilinca Zarifopol-Johnston,"=""0226106713""","=""9780226106717""",0,University of Chicago Press,Paperback,128,1992,1934,,2021/08/01,to-read,to-read (#53),to-read,,,,0,0
715995,The Foundation Pit,Andrei Platonov,"Platonov, Andrei","Mirra Ginsburg, Andrey Platonov, Андрей Платонов","=""0810111454""","=""9780810111455""",0,Northwestern University Press,Paperback,141,1994,1930,,2021/07/30,to-read,to-read (#51),to-read,,,,0,0
43559,American Splendor: The Life and Times of Harvey Pekar,Harvey Pekar,"Pekar, Harvey","Robert Crumb, Gary Dumm, Gregg Budgett, Gerry Shamray, Kevin                                Brown, Sue Cavey, Joyce Brabner, Val Mayerik, Sean   Carroll","=""1840237872""","=""9781840237870""",5.0,Ballantine Books,Paperback,318,2003,1986,,2021/07/27,favourite-graphic-novels,favourite-graphic-novels (#4),read,,,,1,0
96908,Johnny the Homicidal Maniac: Director's Cut,Jhonen Vásquez,"Vásquez, Jhonen",Rob Schrab,"=""0943151163""","=""9780943151168""",5.0,Slave Labor Graphics,Paperback,168,1997,1997,,2021/01/18,favourite-graphic-novels,favourite-graphic-novels (#3),read,,,,1,0
15195,The Complete Maus,Art Spiegelman,"Spiegelman, Art",,"=""0141014083""","=""9780141014081""",5.0,Penguin Books,Paperback,296,2003,1980,2019/05/10,2019/03/31,favourite-graphic-novels,favourite-graphic-novels (#2),read,,,,1,0
35486085,The Walking Dead: Here's Negan!,Robert Kirkman,"Kirkman, Robert","Charlie Adlard, Cliff Rathburn, Dave  Stewart","=""1534303278""","=""9781534303270""",4.0,Image Comics,Hardcover,72,2017,2017,2019/09/25,2019/03/12,,,read,,,,1,0
55859968,Curbing Traffic: The Human Case for Fewer Cars in Our Lives,Melissa Bruntlett,"Bruntlett, Melissa",Chris Bruntlett,"=""1642831654""","=""9781642831658""",0,Island Press,Paperback,240,2021,2021,,2021/07/21,to-read,to-read (#49),to-read,,,,0,0
54550359,Work:  A History of How We Spend Our Time,James Suzman,"Suzman, James",,"=""152660499X""","=""9781526604996""",3.0,Bloomsbury Circus,Hardcover,464,2020,2020,2021/07/02,2021/01/17,,,read,,,,1,0
4948826,Sum: Forty Tales from the Afterlives,David Eagleman,"Eagleman, David",,"=""0307377342""","=""9780307377340""",4.0,Pantheon,Hardcover,110,2009,2009,2021/06/26,2021/06/24,,,read,,,,1,0
184530,Poems By G. K. Chesterton,G.K. Chesterton,"Chesterton, G.K.",,"=""1406793302""","=""9781406793307""",4.0,Pomona Press,Paperback,134,2014,1915,2021/06/24,2021/05/21,,,read,,,,1,0
13538794,"Walkable City: How Downtown Can Save America, One Step at a Time",Jeff Speck,"Speck, Jeff",,"=""0374285810""","=""9780374285814""",0,"Farrar, Straus and Giroux",Hardcover,312,2012,2012,,2021/06/19,to-read,to-read (#47),to-read,,,,0,0
17590703,Why Didn't They Teach Me This in School?,Cary Siegel,"Siegel, Cary",,"=""1481027565""","=""9781481027564""",4.0,CreateSpace Independent Publishing Platform,Paperback,188,2013,2013,2019/08/11,2021/06/01,,,read,,,,1,0
61354,The Captain is Out to Lunch and the Sailors Have Taken Over the Ship,Charles Bukowski,"Bukowski, Charles",Robert Crumb,"=""1574230581""","=""9781574230581""",0,Ecco,Paperback,144,2002,1999,,2021/05/21,to-read,to-read (#45),to-read,,,,0,0
20819758,Comradely Greetings: The Prison Letters of Nadya and Slavoj,Slavoj Žižek,"Žižek, Slavoj",Nadezhda Tololonnikova,"=""1781687730""","=""9781781687734""",3.0,Verso,Paperback,128,2014,2014,2021/05/21,2019/03/03,,,read,,,,1,0
38901702,Lab Rats: How Silicon Valley Made Work Miserable for the Rest of Us,Dan  Lyons,"Lyons, Dan",,"=""031656186X""","=""9780316561860""",0,Grand Central Publishing,Hardcover,272,2018,2018,,2021/05/17,to-read,to-read (#44),to-read,,,,0,0
133171,South of the Pumphouse,Les Claypool,"Claypool, Les",,"=""1933354062""","=""9781933354064""",0,"Akashic Books, Ltd.",Paperback,191,2006,2006,,2021/04/03,to-read,to-read (#43),to-read,,,,0,0
23961,Marabou Stork Nightmares,Irvine Welsh,"Welsh, Irvine",,"=""0393315630""","=""9780393315639""",0,W. W. Norton & Company,Paperback,280,1997,1997,,2021/03/30,to-read,to-read (#42),to-read,,,,0,0
395491,The Little Girl Who Was Too Fond of Matches,Gaétan Soucy,"Soucy, Gaétan",Sheila Fischman,"=""1559705884""","=""9781559705882""",0,Arcade Publishing,Hardcover,138,2001,1998,,2021/02/28,to-read,to-read (#40),to-read,,,,0,0
162757,Escape from Evil,Ernest Becker,"Becker, Ernest",,"=""0029024501""","=""9780029024508""",0,Free Press,Paperback,208,1985,1975,,2021/02/08,to-read,to-read (#39),to-read,,,,0,0
497199,Factotum,Charles Bukowski,"Bukowski, Charles",,"=""0876852630""","=""9780876852637""",3.0,Ecco,Paperback,205,2002,1975,2021/01/25,2021/01/25,,,read,,,,1,0
130730,Universal Principles of Design,William Lidwell,"Lidwell, William","Kritina Holden, Jill Butler","=""1592530079""","=""9781592530076""",5.0,Rockport Publishers,Hardcover,216,2003,2003,,2019/01/18,,,read,,,,1,0
412732,The Dharma Bums,Jack Kerouac,"Kerouac, Jack",,"=""""","=""""",0,Penguin Books,Paperback,244,1986,1958,,2021/01/25,to-read,to-read (#37),to-read,,,,0,0
135836,"Trainspotting (Mark Renton, #2)",Irvine Welsh,"Welsh, Irvine",,"=""0099465892""","=""9780099465898""",0,Vintage,Paperback,431,1994,1993,,2021/01/25,to-read,to-read (#36),to-read,,,,0,0
77013,As I Lay Dying,William Faulkner,"Faulkner, William",,"=""""","=""""",0,Vintage,Paperback,270,1991,1930,,2021/01/23,to-read,to-read (#35),to-read,,,,0,0
59952,300,Frank Miller,"Miller, Frank",Lynn Varley,"=""1569714029""","=""9781569714027""",0,Dark Horse,Hardcover,88,1999,1999,,2021/01/18,to-read,to-read (#34),to-read,,,,0,0
730139,Gravity and Grace,Simone Weil,"Weil, Simone","Gustave Thibon, Emma Crawford, Mario von der Ruhr","=""0415290015""","=""9780415290012""",0,Routledge,Paperback,224,2002,1947,,2021/01/16,to-read,to-read (#33),to-read,,,,0,0
6514,The Bell Jar,Sylvia Plath,"Plath, Sylvia",,"=""""","=""""",0,Harper Perennial Modern Classics,Paperback,294,2006,1963,,2021/01/16,to-read,to-read (#32),to-read,,,,0,0
890,Of Mice and Men,John Steinbeck,"Steinbeck, John",,"=""0142000671""","=""9780142000670""",0,Penguin Books,Paperback,107,2002,1937,,2021/01/15,to-read,to-read (#31),to-read,,,,0,0
13259270,Free Will,Sam Harris,"Harris, Sam",,"=""1451683405""","=""9781451683400""",4.0,Free Press,Paperback,96,2012,2012,2020/08/18,2019/02/20,,,read,,,,1,0
51089,Black Spring,Henry Miller,"Miller, Henry",,"=""0802131824""","=""9780802131829""",0,Grove Press,Paperback,256,1994,1936,,2021/01/09,to-read,to-read (#30),to-read,,,,0,0
15682,A Happy Death,Albert Camus,"Camus, Albert","Richard Howard, Jean Sarocchi","=""""","=""""",0,Penguin Classics,Paperback,144,2002,1971,,2021/01/05,to-read,to-read (#29),to-read,,,,0,0
125571,"Escape from the Carnival of Horrors (Give Yourself Goosebumps, #1)",R.L. Stine,"Stine, R.L.",,"=""0590553232""","=""9780590553230""",3.0,Apple,Paperback,135,1995,1995,,2021/01/04,,,read,,,,1,0
18626866,Civil Disobedience,Henry David Thoreau,"Thoreau, Henry David",,"=""""","=""""",3.0,Public Domain Books,Kindle Edition,33,2012,1849,2020/12/10,2020/08/31,,,read,,,,1,0
5632446,Columbine,Dave Cullen,"Cullen, Dave",,"=""0446546933""","=""9780446546935""",0,Twelve,Hardcover,417,2009,2009,,2020/12/22,to-read,to-read (#26),to-read,,,,0,0
190560,Design for the Real World: Human Ecology and Social Change,Victor Papanek,"Papanek, Victor",,"=""0897331532""","=""9780897331531""",0,Chicago Review Press,Paperback,416,2005,1972,,2020/12/17,to-read,to-read (#25),to-read,,,,0,0
30300,The Last Days of Socrates,Plato,"Plato, Plato","Harold Tarrant, Hugh Tredennick","=""0140449280""","=""9780140449280""",0,Penguin Classics,Paperback,256,2003,-400,,2020/12/17,to-read,to-read (#24),to-read,,,,0,0
15997,Paradise Lost,John Milton,"Milton, John",,"=""0140424393""","=""9780140424393""",0,Penguin Classics,Paperback,453,2003,1667,,2020/12/06,to-read,to-read (#23),to-read,,,,0,0
341393,Arcana: Musicians on Music,John Zorn,"Zorn, John","Lois V. Vierk, Z'ev, Marilyn Crispell, Mark Dresser, Stephen Drury, Bill Frisell, Fred Frith, Myra Melford, Ikue Mori, Larry Ochs, Peter Garland, Bob Ostertag, Anthony Coleman, John Oswald, Mike Patton, Marc Ribot, David Rosenboom, John Schott, Elliott Sharp, David Shea, Frances-Marie Uitti, Gerry Hemingway","=""188712327X""","=""9781887123273""",0,"""Granary Books""",Paperback,320,2000,1999,,2020/11/07,to-read,to-read (#22),to-read,,,,0,0
11084145,Steve Jobs,Walter Isaacson,"Isaacson, Walter",,"=""1451648537""","=""9781451648539""",2.0,Simon & Schuster,Hardcover,630,2011,2011,,2019/01/18,,,read,,,,1,0
330919,"Adolf Hitler: My Part in His Downfall (War Memoirs, #1)",Spike Milligan,"Milligan, Spike",,"=""0140035206""","=""9780140035209""",3.0,Penguin Books,Paperback,142,1974,1971,2020/10/01,2020/09/01,,,read,,,,1,0
13330588,Happy City: Transforming Our Lives Through Urban Design,Charles Montgomery,"Montgomery, Charles",,"=""0385669127""","=""9780385669122""",0,Doubleday Canada,Hardcover,368,2013,2012,,2020/09/22,to-read,to-read (#20),to-read,,,,0,0
22288,Haunted,Chuck Palahniuk,"Palahniuk, Chuck",,"=""1400032822""","=""9781400032822""",0,Vintage,Paperback,419,2006,2005,,2020/09/01,to-read,to-read (#19),to-read,,,,0,0
9324171,"Your Digital Afterlife: When Facebook, Flickr and Twitter Are You Estate, What's Your Legacy?",Evan Carroll,"Carroll, Evan",John Romano,"=""0321732286""","=""9780321732286""",3.0,New Riders Pub,Paperback,203,2010,2010,,2019/01/18,,,read,,,,1,0
316282,The Golden Section: Nature’s Greatest Secret,Scott Olsen,"Olsen, Scott",,"=""0802715397""","=""9780802715395""",4.0,Bloomsbury,Hardcover,64,2006,2006,2019/03/25,2019/03/06,,,read,,,,1,0
6095883,Design as Art,Bruno Munari,"Munari, Bruno",,"=""0141035811""","=""9780141035819""",0,Penguin Classics,Paperback,224,2009,1966,,2019/04/11,to-read,to-read (#17),to-read,,,,0,0
29059,Choke,Chuck Palahniuk,"Palahniuk, Chuck",,"=""0385720920""","=""9780385720922""",4.0,Anchor Books,Paperback,293,2002,2001,,2019/01/18,,,read,,,,1,0
3284734,Secret Lives of Great Artists: What Your Teachers Never Told You About Master Painters and Sculptors,Elizabeth Lunday,"Lunday, Elizabeth",Mario Zucca,"=""159474257X""","=""9781594742576""",4.0,Quirk Books,Paperback,288,2008,2008,2020/08/17,2020/07/07,,,read,,,,1,0
6638088,Secret Lives of Great Composers: What Your Teachers Never Told You About the World's Musical Masters,Elizabeth Lunday,"Lunday, Elizabeth",Mario Zucca,"=""1594744025""","=""9781594744020""",4.0,Quirk Books,Paperback,288,2009,2009,2020/07/13,2020/07/02,,,read,,,,1,0
21119,The Ethics of Ambiguity,Simone de Beauvoir,"Beauvoir, Simone de",Bernard Frechtman,"=""080650160X""","=""9780806501604""",0,Citadel,Paperback,162,2000,1947,,2020/06/17,to-read,to-read (#16),to-read,,,,0,0
797329,Maxims,François de La Rochefoucauld,"Rochefoucauld, François de La",Leonard Tancock,"=""014044095X""","=""9780140440959""",5.0,Penguin Classics,Paperback,126,1982,1665,2020/08/11,2020/05/23,,,read,,,,1,0
30137471,Complete Works of Cato the Elder,Marcus Porcius Cato,"Cato, Marcus Porcius",,"=""1786563754""","=""9781786563750""",4.0,Delphi Classics,Kindle Edition,416,2016,-149,2020/05/23,2020/05/19,,,read,,,,1,0
23425,Status Anxiety (Vintage International),Alain de Botton,"Botton, Alain de",,"=""0375725350""","=""9780375725357""",0,Vintage,Paperback,306,2005,2004,,2019/12/27,to-read,to-read (#15),to-read,,,,0,0
24615,Enchiridion,Epictetus,"Epictetus, Epictetus",George Long,"=""0486433595""","=""9780486433592""",5.0,Dover Publications,Paperback,64,2004,125,2019/03/14,2019/03/19,,,read,,,,1,0
30231806,"Goodbye, Things: The New Japanese Minimalism",Fumio Sasaki,"Sasaki, Fumio",,"=""0393609030""","=""9780393609035""",3.0,W. W. Norton & Company,Hardcover,259,2017,2015,2020/01/10,2019/11/29,,,read,,,,1,0
840,The Design of Everyday Things,Donald A. Norman,"Norman, Donald A.",,"=""0465067107""","=""9780465067107""",5.0,Basic Books,Paperback,257,2002,1988,,2019/01/18,,,read,,,,1,0
30045683,The Little Book of Hygge: The Danish Way to Live Well,Meik Wiking,"Wiking, Meik",,"=""0241283914""","=""9780241283912""",3.0,Penguin Life,Hardcover,289,2016,2016,2020/04/16,2019/10/13,,,read,,,,1,0
30646587,"The Simple Path to Wealth: Your Road Map to Financial Independence and a Rich, Free Life",J.L. Collins,"Collins, J.L.",Mr. Money Mustache,"=""""","=""""",5.0,jlcollinsnh.com,Kindle Edition,286,2016,2016,2020/05/01,2019/08/19,,,read,,,,1,0
97412,On the Shortness of Life: Life Is Long if You Know How to Use It (Penguin Great Ideas),Seneca,"Seneca, Seneca",C.D.N. Costa,"=""0143036327""","=""9780143036326""",4.0,Penguin Books,Paperback,106,2005,49,2019/08/19,2019/03/17,,,read,,,,1,0
44278644,Zadig,Voltaire,"Voltaire, Voltaire",,"=""0368358968""","=""9780368358968""",0,Blurb,Paperback,130,2019,1747,,2019/03/12,to-read,to-read (#10),to-read,,,,0,0
7395650,"Hierocles the Stoic: Elements of Ethics, Fragments, and Excerpts (Society of Biblical Literature Writings from the Greco-Roman)",Ilaria Ramelli,"Ramelli, Ilaria",,"=""1589834186""","=""9781589834187""",0,Sanderson Books Limited,Paperback,270,2009,2009,,2019/05/12,to-read,to-read (#14),to-read,,,,0,0
237449,The Wu-Tang Manual,The RZA,"RZA, The",Chris Norris,"=""1594480184""","=""9781594480188""",0,Riverhead Books,Paperback,256,2004,2004,,2019/04/12,to-read,to-read (#13),to-read,,,,0,0
28257707,The Subtle Art of Not Giving a F*ck: A Counterintuitive Approach to Living a Good Life,Mark Manson,"Manson, Mark",,"=""""","=""9798804636129""",3.0,Harper,Paperback,212,2016,2016,2019/03/25,2019/01/18,,,read,,,,1,0
29513878,Inner Engineering: A Yogi's Guide to Joy,Sadhguru,"Sadhguru, Sadhguru",,"=""0812997808""","=""9780812997804""",3.0,Random House,Kindle Edition,278,2016,2016,,2019/01/18,,,read,,,,1,0
154341,Wikinomics: How Mass Collaboration Changes Everything,Don Tapscott,"Tapscott, Don",Anthony D. Williams,"=""1591841380""","=""9781591841388""",3.0,Penguin Group,Hardcover,324,2006,2006,,2019/01/18,,,read,,,,1,0
78428,Your Money or Your Life,Joe Domínguez,"Domínguez, Joe",Vicki Robin,"=""0140286780""","=""9780140286786""",4.0,Penguin Books,Paperback,400,1999,1992,2020/04/11,2019/02/19,,,read,,,,1,0
16049261,Popular Lies About Graphic Design,Craig Ward,"Ward, Craig",,"=""""","=""""",3.0,Actar,Paperback,160,2013,2012,,2019/01/18,,,read,,,,1,0
998,The Millionaire Next Door: The Surprising Secrets of America's Wealthy,Thomas J. Stanley,"Stanley, Thomas J.",William D. Danko,"=""0671015206""","=""9780671015206""",4.0,Gallery Books,Paperback,258,1998,,,2019/01/18,,,read,,,,1,0
164323,"The Google Story: Inside the Hottest Business, Media and Technology Success of Our Time",David A. Vise,"Vise, David A.",Mark Malseed,"=""0553383663""","=""9780553383669""",3.0,Delta,Paperback,336,2006,2005,,2019/01/18,,,read,,,,1,0
30212643,"The Gig Economy: The Complete Guide to Getting Better Work, Taking More Time Off, and Financing the Life You Want",Diane Mulcahy,"Mulcahy, Diane",,"=""0814437338""","=""9780814437339""",4.0,AMACOM,Hardcover,240,2016,,,2019/01/18,,,read,,,,1,0
7518289,The Facebook Effect: The Inside Story of the Company That is Connecting the World,David   Kirkpatrick,"Kirkpatrick, David",,"=""1439102112""","=""9781439102114""",3.0,Simon & Schuster,Hardcover,384,2010,2010,,2019/01/18,,,read,,,,1,0
34466958,Bullshit Jobs: A Theory,David Graeber,"Graeber, David",,"=""150114331X""","=""9781501143311""",4.0,Simon & Schuster,Hardcover,335,2018,2018,,2019/01/18,,,read,,,,1,0
29011025,The Barefoot Investor,Scott Pape,"Pape, Scott",,"=""0730324214""","=""9780730324218""",4.0,Wiley,Paperback,296,2016,2016,,2019/01/18,,,read,,,,1,0
9248625,Of Human Freedom (Penguin Great Ideas),Epictetus,"Epictetus, Epictetus",Robert F. Dobbin,"=""0141192356""","=""9780141192352""",5.0,Penguin UK,Mass Market Paperback,112,2010,100,2019/03/07,2019/03/01,,,read,,,,1,0
11041525,Musonius Rufus: Lectures and Sayings (Volume 1),Musonius Rufus,"Rufus, Musonius","William B. Irvine, Cynthia King","=""145645966X""","=""9781456459666""",0,CreateSpace Independent Publishing Platform,Paperback,102,2011,80,,2019/03/20,to-read,to-read (#12),to-read,,,,0,0
275654,Death Dealer: The Memoirs of the SS Kommandant at Auschwitz,Rudolf Höss,"Höss, Rudolf","Steven Paskuly, Andrew Pollinger","=""0306806983""","=""9780306806988""",0,Grand Central Publishing,Paperback,414,1996,1951,,2019/03/12,to-read,to-read (#9),to-read,,,,0,0
40718037,Man for Himself: An Inquiry Into the Psychology of Ethics,Erich Fromm,"Fromm, Erich",,"=""""","=""""",0,Open Road Media,Kindle Edition,257,2013,1947,,2019/03/12,to-read,to-read (#8),to-read,,,,0,0
36236125,Invisible Monsters,Chuck Palahniuk,"Palahniuk, Chuck",,"=""0393355950""","=""9780393355956""",0,W. W. Norton & Company,Paperback,304,2018,1999,,2019/02/27,to-read,to-read (#7),to-read,,,,0,0
6952423,I Am Ozzy,Ozzy Osbourne,"Osbourne, Ozzy",Chris Ayres,"=""0446569895""","=""9780446569897""",0,Grand Central Publishing,Hardcover,391,2010,2009,,2019/02/19,to-read,to-read (#6),to-read,,,,0,0
9519944,Early Retirement Extreme: A Philosophical and Practical Guide to Financial Independence,Jacob Lund Fisker,"Fisker, Jacob Lund",,"=""145360121X""","=""9781453601211""",0,CreateSpace Independent Publishing Platform,Paperback,238,2010,2010,,2019/02/19,to-read,to-read (#5),to-read,,,,0,0
39336459,Coming Home: My Grand Adventures in a Wee Country,Billy Connolly,"Connolly, Billy",,"=""1473531675""","=""9781473531673""",0,BBC Digital,ebook,261,2018,,,2019/02/16,to-read,to-read (#4),to-read,,,,0,0
148576,A Mammal's Notebook: Collected Writings of Erik Satie,Erik Satie,"Satie, Erik","Ornella Volta, Anthony Melville","=""0947757929""","=""9780947757922""",0,Atlas Pr,Hardcover,208,1996,1977,,2019/02/16,to-read,to-read (#3),to-read,,,,0,0
646175,Modern Man in Search of a Soul,C.G. Jung,"Jung, C.G.","W.S. Dell, Cary F. Baynes","=""""","=""""",0,Harcourt ,Paperback,244,1955,1931,,2019/01/18,to-read,to-read (#1),to-read,,,,0,0
